Survived,Pclass,Sex,Age,SibSp,Parch,Embarked,family_size,cabin_multiple,name_title,norm_fare,is_alone,title_grouped,age_missing,age_group,fare_per_person,fare_group,cabin_known,cabin_deck,ticket_prefix,ticket_has_letters,sex_pclass,age_class
1,3,male,,0,0,S,1,0,Mr,4.05171190165724,1,Mr,1,adult,4.05171190165724,very_high,0,Unknown,NONE,0,male_3,85.5
0,2,male,,0,0,S,1,0,Mr,0.0,1,Mr,1,adult,0.0,low,0,Unknown,NONE,0,male_2,57.0
0,1,male,,0,0,S,1,1,Mr,5.406181146423973,1,Mr,1,adult,5.406181146423973,very_high,1,C,PC,1,male_1,28.5
1,3,female,18.0,0,1,S,2,0,Mrs,2.336986519711378,0,Mrs,0,teen,1.168493259855689,medium,0,Unknown,NONE,0,female_3,54.0
1,2,female,31.0,1,1,S,3,0,Mrs,3.305053521109253,0,Mrs,0,adult,1.1016845070364176,high,0,Unknown,C.A.,1,female_2,62.0
0,3,male,21.0,0,0,S,1,0,Mr,2.2442459824059346,1,Mr,0,adult,2.2442459824059346,medium,0,Unknown,NONE,0,male_3,63.0
1,3,male,26.0,0,0,S,1,0,Mr,4.05171190165724,1,Mr,0,adult,4.05171190165724,very_high,0,Unknown,NONE,0,male_3,78.0
0,1,male,,0,0,C,1,0,Mr,5.4316456135398825,1,Mr,1,adult,5.4316456135398825,very_high,0,Unknown,PC,1,male_1,28.5
1,3,male,,0,0,Q,1,0,Mr,2.169053700369523,1,Mr,1,adult,2.169053700369523,low,0,Unknown,NONE,0,male_3,85.5
0,3,female,31.0,1,0,S,2,0,Mrs,2.9444389791664403,0,Mrs,0,adult,1.4722194895832201,high,0,Unknown,NONE,0,female_3,93.0
1,1,male,56.0,0,0,C,1,1,Col,3.597312260588446,1,Rare,0,middle_age,3.597312260588446,very_high,1,A,NONE,0,male_1,56.0
0,3,female,21.0,1,0,S,2,0,Miss,2.3818582738885534,0,Miss,0,adult,1.1909291369442767,medium,0,Unknown,NONE,0,female_3,63.0
0,3,male,,8,2,S,11,0,Mr,4.256321678298823,0,Mr,1,adult,0.3869383343908021,very_high,0,Unknown,CA.,1,male_3,85.5
0,1,male,56.0,0,0,S,1,0,Mr,3.3160025355989236,1,Mr,0,middle_age,3.3160025355989236,high,0,Unknown,NONE,0,male_1,56.0
0,3,male,21.0,0,0,S,1,0,Mr,2.174751721484161,1,Mr,0,adult,2.174751721484161,low,0,Unknown,A/4.,1,male_3,63.0
1,1,female,33.0,1,0,Q,2,1,Miss,4.51085950651685,0,Miss,0,adult,2.255429753258425,very_high,1,C,NONE,0,female_1,33.0
0,3,male,21.0,0,0,Q,1,0,Mr,2.167143305297764,1,Mr,0,adult,2.167143305297764,low,0,Unknown,A/5.,1,male_3,63.0
0,3,male,,0,0,S,1,0,Mr,2.1102132003465894,1,Mr,1,adult,2.1102132003465894,low,0,Unknown,NONE,0,male_3,85.5
0,3,male,43.0,0,0,S,1,0,Mr,2.0082140323914683,1,Mr,0,middle_age,2.0082140323914683,low,0,Unknown,C,1,male_3,129.0
0,3,female,,3,1,S,5,0,Miss,3.275887339030031,0,Miss,1,adult,0.6551774678060063,high,0,Unknown,NONE,0,female_3,85.5
0,3,male,30.0,1,0,S,2,0,Mr,2.8390784635086144,0,Mr,0,adult,1.4195392317543072,high,0,Unknown,A/5.,1,male_3,90.0
1,1,female,32.0,0,0,C,1,1,Miss,4.347586575960343,1,Miss,0,adult,4.347586575960343,very_high,1,D,NONE,0,female_1,32.0
1,1,female,,0,0,C,1,0,Mrs,4.384523514872469,1,Mrs,1,adult,4.384523514872469,very_high,0,Unknown,PC,1,female_1,28.5
1,2,male,19.0,0,0,S,1,0,Mr,2.4423470353692043,1,Mr,0,adult,2.4423470353692043,medium,0,Unknown,SW/PP,1,male_2,38.0
0,3,male,24.0,0,0,S,1,0,Mr,2.1855792552411137,1,Mr,0,adult,2.1855792552411137,low,0,Unknown,NONE,0,male_3,72.0
1,2,female,45.0,0,0,S,1,0,Mrs,2.6741486494265287,1,Mrs,0,middle_age,2.6741486494265287,medium,0,Unknown,NONE,0,female_2,90.0
0,3,male,23.0,0,0,S,1,0,Mr,2.1855792552411137,1,Mr,0,adult,2.1855792552411137,low,0,Unknown,NONE,0,male_3,69.0
0,3,male,42.0,0,1,S,2,0,Mr,2.2411563979973974,0,Mr,0,middle_age,1.1205781989986987,medium,0,Unknown,NONE,0,male_3,126.0
1,1,female,39.0,1,1,C,3,1,Miss,4.432699549165613,0,Miss,0,middle_age,1.4775665163885376,very_high,1,E,PC,1,female_1,39.0
1,3,male,16.0,0,0,S,1,0,Mr,2.2027647577118348,1,Mr,0,teen,2.2027647577118348,medium,0,Unknown,SOTON/OQ,1,male_3,48.0
0,3,male,,0,0,S,1,0,Mr,2.1855792552411137,1,Mr,1,adult,2.1855792552411137,low,0,Unknown,NONE,0,male_3,85.5
0,2,male,66.0,0,0,S,1,0,Mr,2.4423470353692043,1,Mr,0,senior,2.4423470353692043,medium,0,Unknown,C.A.,1,male_2,132.0
1,1,male,28.0,0,0,S,1,1,Mr,3.3160025355989236,1,Mr,0,adult,3.3160025355989236,high,1,C,NONE,0,male_1,28.0
0,2,male,51.0,0,0,S,1,0,Rev,2.6045398247325453,1,Rare,0,middle_age,2.6045398247325453,medium,0,Unknown,S.O.P.,1,male_2,102.0
0,2,male,47.0,0,0,S,1,0,Mr,2.772588722239781,1,Mr,0,middle_age,2.772588722239781,high,0,Unknown,NONE,0,male_2,94.0
1,3,male,18.0,0,0,S,1,0,Mr,2.2027647577118348,1,Mr,0,teen,2.2027647577118348,medium,0,Unknown,A/5,1,male_3,54.0
0,2,male,36.0,0,0,S,1,0,Mr,2.6390573296152584,1,Mr,0,middle_age,2.6390573296152584,medium,0,Unknown,NONE,0,male_2,72.0
1,2,female,30.0,0,0,S,1,0,Miss,2.6390573296152584,1,Miss,0,adult,2.6390573296152584,medium,0,Unknown,NONE,0,female_2,60.0
1,2,female,22.0,1,1,S,3,0,Mrs,3.4011973816621555,0,Mrs,0,adult,1.1337324605540517,high,0,Unknown,NONE,0,female_2,44.0
0,3,female,,0,0,Q,1,0,Miss,2.169053700369523,1,Miss,1,adult,2.169053700369523,low,0,Unknown,NONE,0,female_3,85.5
0,2,male,25.0,0,0,S,1,0,Mr,2.6390573296152584,1,Mr,0,adult,2.6390573296152584,medium,0,Unknown,C.A.,1,male_2,50.0
0,3,male,,0,0,C,1,0,Mr,2.1076888046179385,1,Mr,1,adult,2.1076888046179385,low,0,Unknown,NONE,0,male_3,85.5
1,2,female,32.0,0,0,S,1,0,Mrs,2.6390573296152584,1,Mrs,0,adult,2.6390573296152584,medium,0,Unknown,NONE,0,female_2,64.0
1,3,male,,0,0,S,1,0,Mr,2.1719067693519296,1,Mr,1,adult,2.1719067693519296,low,0,Unknown,NONE,0,male_3,85.5
1,3,female,19.0,1,0,S,2,0,Miss,2.180891922715322,0,Miss,0,adult,1.090445961357661,low,0,Unknown,NONE,0,female_3,57.0
1,1,male,52.0,0,0,S,1,1,Major,3.449987545831587,1,Rare,0,middle_age,3.449987545831587,high,1,C,NONE,0,male_1,52.0
0,1,male,71.0,0,0,C,1,1,Mr,3.57386695198272,1,Mr,0,senior,3.57386695198272,very_high,1,A,PC,1,male_1,71.0
0,3,male,32.0,0,0,S,1,0,Mr,2.188856327665703,1,Mr,0,adult,2.188856327665703,medium,0,Unknown,STON/O,1,male_3,96.0
0,3,male,19.0,0,0,S,1,2,Mr,2.157559320943788,1,Mr,0,adult,2.157559320943788,low,1,F,NONE,0,male_3,57.0
0,3,male,,1,0,Q,2,0,Mr,2.803360380906535,0,Mr,1,adult,1.4016801904532674,high,0,Unknown,NONE,0,male_3,85.5
0,3,female,22.0,0,0,S,1,0,Miss,2.3830123421066602,1,Miss,0,adult,2.3830123421066602,medium,0,Unknown,NONE,0,female_3,66.0
0,1,male,50.0,1,0,S,2,1,Mr,4.041295341132285,0,Mr,0,middle_age,2.0206476705661425,very_high,1,E,NONE,0,male_1,50.0
0,3,male,4.0,3,2,S,6,0,Master,3.3638415951183864,0,Master,0,child,0.5606402658530644,high,0,Unknown,NONE,0,male_3,12.0
1,1,female,36.0,1,2,S,4,2,Mrs,4.795790545596741,0,Mrs,0,middle_age,1.1989476363991853,very_high,1,B,NONE,0,female_1,36.0
0,1,male,19.0,1,0,S,2,1,Mr,3.9908341858524357,0,Mr,0,adult,1.9954170929262178,very_high,1,D,NONE,0,male_1,19.0
1,1,female,30.0,0,0,C,1,0,Miss,3.4657359027997265,1,Miss,0,adult,3.4657359027997265,high,0,Unknown,NONE,0,female_1,30.0
1,3,male,,0,0,S,1,0,Mr,4.05171190165724,1,Mr,1,adult,4.05171190165724,very_high,0,Unknown,NONE,0,male_3,85.5
0,3,male,30.0,0,0,S,1,0,Mr,2.1102132003465894,1,Mr,0,adult,2.1102132003465894,low,0,Unknown,C,1,male_3,90.0
0,3,male,21.0,0,0,S,1,0,Mr,2.2027647577118348,1,Mr,0,adult,2.2027647577118348,medium,0,Unknown,A/4,1,male_3,63.0
0,2,male,30.0,1,0,C,2,0,Mr,3.2188758248682006,0,Mr,0,adult,1.6094379124341003,high,0,Unknown,P/PP,1,male_2,60.0
1,2,female,18.0,0,1,S,2,0,Miss,3.1780538303479458,0,Miss,0,teen,1.5890269151739729,high,0,Unknown,NONE,0,female_2,36.0
0,3,male,19.0,0,0,S,1,0,Mr,0.0,1,Mr,0,adult,0.0,low,0,Unknown,NONE,1,male_3,57.0
1,1,female,38.0,0,0,C,1,1,Miss,5.4316456135398825,1,Miss,0,middle_age,5.4316456135398825,very_high,1,C,PC,1,female_1,38.0
0,3,male,10.0,3,2,S,6,0,Master,3.3638415951183864,0,Master,0,child,0.5606402658530644,high,0,Unknown,NONE,0,male_3,30.0
0,2,male,,0,0,S,1,0,Mr,0.0,1,Mr,1,adult,0.0,low,0,Unknown,NONE,0,male_2,57.0
0,3,female,29.0,1,1,S,3,1,Mrs,2.4390808375825834,0,Mrs,0,adult,0.8130269458608611,medium,1,G,NONE,0,female_3,87.0
0,3,male,,0,0,S,1,0,Mr,2.1177604059819726,1,Mr,1,adult,2.1177604059819726,low,0,Unknown,Fa,1,male_3,85.5
0,3,male,28.0,1,0,S,2,0,Mr,2.8243506567983707,0,Mr,0,adult,1.4121753283991854,high,0,Unknown,STON/O2.,1,male_3,84.0
0,3,female,39.0,1,5,S,7,0,Mrs,3.4742929367327062,0,Mrs,0,middle_age,0.4963275623903866,very_high,0,Unknown,NONE,0,female_3,117.0
0,3,female,2.0,0,1,S,2,1,Miss,2.4390808375825834,0,Miss,0,child,1.2195404187912917,medium,1,G,NONE,0,female_3,6.0
0,2,male,30.0,0,0,S,1,0,Mr,2.4423470353692043,1,Mr,0,adult,2.4423470353692043,medium,0,Unknown,W/C,1,male_2,60.0
0,3,male,25.0,0,0,C,1,0,Mr,2.1071782966514356,1,Mr,0,adult,2.1071782966514356,low,0,Unknown,NONE,0,male_3,75.0
0,3,male,14.0,4,1,S,6,0,Mr,3.705920919968788,0,Mr,0,teen,0.6176534866614647,very_high,0,Unknown,NONE,0,male_3,42.0
1,1,female,35.0,1,0,S,2,0,Mrs,3.970291913552122,0,Mrs,0,adult,1.985145956776061,very_high,0,Unknown,NONE,0,female_1,35.0
1,1,male,17.0,0,2,C,3,1,Mr,4.717456363787216,0,Mr,0,teen,1.5724854545957385,very_high,1,C,NONE,0,male_1,17.0
0,3,male,,0,0,Q,1,0,Mr,2.1661924680884908,1,Mr,1,adult,2.1661924680884908,low,0,Unknown,NONE,0,male_3,85.5
0,3,female,18.0,0,0,Q,1,0,Miss,2.0476928433652555,1,Miss,0,teen,2.0476928433652555,low,0,Unknown,NONE,0,female_3,54.0
1,3,female,23.0,0,0,S,1,0,Miss,2.145931282948669,1,Miss,0,adult,2.145931282948669,low,0,Unknown,CA.,1,female_3,69.0
0,3,male,50.0,0,0,S,1,0,Mr,2.2027647577118348,1,Mr,0,middle_age,2.2027647577118348,medium,0,Unknown,A/5,1,male_3,150.0
1,1,female,21.0,2,2,C,5,4,Miss,5.5735788721243535,0,Miss,0,adult,1.1147157744248708,very_high,1,B,PC,1,female_1,21.0
1,1,female,58.0,0,0,C,1,1,Miss,4.993969182787072,1,Miss,0,middle_age,4.993969182787072,very_high,1,B,PC,1,female_1,58.0
1,2,female,3.0,1,2,C,4,0,Miss,3.7513658711253766,0,Miss,0,child,0.9378414677813441,very_high,0,Unknown,SC/Paris,1,female_2,6.0
1,2,female,13.0,0,1,S,2,0,Miss,3.0204248861443626,0,Miss,0,teen,1.5102124430721813,high,0,Unknown,NONE,0,female_2,26.0
0,2,male,57.0,0,0,Q,1,0,Rev,2.5915163848462583,1,Rare,0,middle_age,2.5915163848462583,medium,0,Unknown,NONE,0,male_2,114.0
0,2,male,16.0,0,0,S,1,0,Mr,3.295836866004329,1,Mr,0,teen,3.295836866004329,high,0,Unknown,NONE,0,male_2,32.0
1,3,female,,0,0,Q,1,0,Miss,2.169053700369523,1,Miss,1,adult,2.169053700369523,low,0,Unknown,NONE,0,female_3,85.5
0,2,male,60.0,1,1,S,3,0,Mr,3.6888794541139363,0,Mr,0,middle_age,1.2296264847046454,very_high,0,Unknown,NONE,0,male_2,120.0
0,1,male,22.0,0,0,C,1,0,Mr,4.91730069488021,1,Mr,0,adult,4.91730069488021,very_high,0,Unknown,PC,1,male_1,22.0
0,2,male,30.0,0,0,S,1,0,Mr,2.6390573296152584,1,Mr,0,adult,2.6390573296152584,medium,0,Unknown,NONE,0,male_2,60.0
0,3,male,17.0,0,0,S,1,0,Mr,2.2682524139135403,1,Mr,0,teen,2.2682524139135403,medium,0,Unknown,NONE,0,male_3,51.0
0,3,male,25.0,0,0,S,1,0,Mr,2.1855792552411137,1,Mr,0,adult,2.1855792552411137,low,0,Unknown,NONE,0,male_3,75.0
1,3,male,27.0,0,0,S,1,0,Mr,2.2682524139135403,1,Mr,0,adult,2.2682524139135403,medium,0,Unknown,NONE,0,male_3,81.0
0,3,male,36.0,0,0,S,1,0,Mr,0.0,1,Mr,0,middle_age,0.0,low,0,Unknown,NONE,1,male_3,108.0
0,3,female,,0,0,S,1,0,Mrs,2.2027647577118348,1,Mrs,1,adult,2.2027647577118348,medium,0,Unknown,NONE,0,female_3,85.5
1,3,female,,0,0,C,1,0,Mrs,2.1076888046179385,1,Mrs,1,adult,2.1076888046179385,low,0,Unknown,NONE,0,female_3,85.5
0,3,male,29.0,0,0,S,1,0,Mr,2.3497835148230464,1,Mr,0,adult,2.3497835148230464,medium,0,Unknown,NONE,0,male_3,87.0
1,1,female,30.0,0,0,C,1,0,Miss,4.676792929661059,1,Miss,0,adult,4.676792929661059,very_high,0,Unknown,PC,1,female_1,30.0
0,3,male,,0,0,S,1,0,Mr,2.2027647577118348,1,Mr,1,adult,2.2027647577118348,medium,0,Unknown,NONE,0,male_3,85.5
0,1,male,51.0,0,1,C,2,0,Mr,4.133231886474144,0,Mr,0,middle_age,2.066615943237072,very_high,0,Unknown,PC,1,male_1,51.0
1,3,female,16.0,0,0,Q,1,0,Miss,2.167143305297764,1,Miss,0,teen,2.167143305297764,low,0,Unknown,NONE,0,female_3,48.0
1,3,female,,0,0,Q,1,0,Miss,2.169053700369523,1,Miss,1,adult,2.169053700369523,low,0,Unknown,NONE,0,female_3,85.5
1,3,female,1.0,0,2,C,3,0,Miss,2.817902613071225,0,Miss,0,child,0.9393008710237417,high,0,Unknown,NONE,0,female_3,3.0
0,3,male,22.0,0,0,S,1,0,Mr,2.174274334826008,1,Mr,0,adult,2.174274334826008,low,0,Unknown,NONE,0,male_3,66.0
1,3,female,,1,1,C,3,2,Miss,3.1509523813392697,0,Miss,1,adult,1.0503174604464232,high,1,F,NONE,0,female_3,85.5
0,3,male,7.0,4,1,Q,6,0,Master,3.405355391810819,0,Master,0,child,0.5675592319684698,high,0,Unknown,NONE,0,male_3,21.0
1,1,male,,0,0,S,1,1,Mr,3.449987545831587,1,Mr,1,adult,3.449987545831587,high,1,C,NONE,0,male_1,28.5
0,3,male,,1,0,Q,2,0,Mr,2.169053700369523,0,Mr,1,adult,1.0845268501847616,low,0,Unknown,NONE,0,male_3,85.5
1,1,female,33.0,1,0,S,2,1,Mrs,3.9908341858524357,0,Mrs,0,adult,1.9954170929262178,very_high,1,E,NONE,0,female_1,33.0
0,3,male,7.0,4,1,S,6,0,Master,3.705920919968788,0,Master,0,child,0.6176534866614647,very_high,0,Unknown,NONE,0,male_3,21.0
0,3,male,32.0,0,0,Q,1,0,Mr,2.169053700369523,1,Mr,0,adult,2.169053700369523,low,0,Unknown,NONE,0,male_3,96.0
0,2,male,50.0,0,0,S,1,0,Mr,2.6390573296152584,1,Mr,0,middle_age,2.6390573296152584,medium,0,Unknown,NONE,0,male_2,100.0
0,2,male,59.0,0,0,S,1,0,Mr,2.6741486494265287,1,Mr,0,middle_age,2.6741486494265287,medium,0,Unknown,NONE,0,male_2,118.0
0,1,male,28.0,1,0,C,2,0,Mr,4.420896324687287,0,Mr,0,adult,2.2104481623436434,very_high,0,Unknown,PC,1,male_1,28.0
0,3,male,,0,0,S,1,0,Mr,2.2027647577118348,1,Mr,1,adult,2.2027647577118348,medium,0,Unknown,S.C./A.4.,1,male_3,85.5
0,1,male,60.0,0,0,S,1,0,Col,3.3160025355989236,1,Rare,0,middle_age,3.3160025355989236,high,0,Unknown,NONE,0,male_1,60.0
0,3,female,17.0,0,0,C,1,0,Miss,2.738146075922933,1,Miss,0,teen,2.738146075922933,high,0,Unknown,NONE,0,female_3,51.0
0,2,male,32.5,1,0,C,2,0,Mr,3.436268471383741,0,Mr,0,adult,1.7181342356918705,high,0,Unknown,NONE,0,male_2,65.0
1,1,female,21.0,0,0,S,1,1,Miss,4.368919865004903,1,Miss,0,adult,4.368919865004903,very_high,1,D,NONE,0,female_1,21.0
1,3,male,3.0,4,2,S,7,0,Master,3.4777725458882283,0,Master,0,child,0.496824649412604,very_high,0,Unknown,NONE,0,male_3,9.0
0,2,male,19.0,0,0,S,1,0,Mr,2.4423470353692043,1,Mr,0,adult,2.4423470353692043,medium,0,Unknown,NONE,0,male_2,38.0
1,2,female,24.0,2,3,S,6,0,Mrs,2.9831534913471307,0,Mrs,0,adult,0.4971922485578551,high,0,Unknown,NONE,0,female_2,48.0
1,1,female,18.0,0,2,S,3,1,Miss,4.390118804571218,0,Miss,0,teen,1.4633729348570725,very_high,1,E,NONE,0,female_1,18.0
1,1,female,49.0,0,0,S,1,1,Dr,3.2932111997353943,1,Rare,0,middle_age,3.2932111997353943,high,1,D,NONE,0,female_1,49.0
0,3,female,41.0,0,2,S,3,0,Mrs,3.0545906305603445,0,Mrs,0,middle_age,1.0181968768534482,high,0,Unknown,NONE,0,female_3,123.0
1,3,male,30.0,0,0,S,1,0,Mr,2.3513752571634776,1,Mr,0,adult,2.3513752571634776,medium,0,Unknown,NONE,0,male_3,90.0
0,3,male,59.0,0,0,S,1,0,Mr,2.1102132003465894,1,Mr,0,middle_age,2.1102132003465894,low,0,Unknown,NONE,0,male_3,177.0
1,3,female,4.0,0,1,C,2,0,Miss,2.668387256845834,0,Miss,0,child,1.334193628422917,medium,0,Unknown,NONE,0,female_3,12.0
0,3,female,,0,2,C,3,0,Mrs,2.7878344138303452,0,Mrs,1,adult,0.9292781379434484,high,0,Unknown,NONE,0,female_3,85.5
0,3,male,51.0,0,0,S,1,0,Mr,2.169053700369523,1,Mr,0,middle_age,2.169053700369523,low,0,Unknown,NONE,0,male_3,153.0
1,2,female,45.0,1,1,S,3,0,Mrs,3.305053521109253,0,Mrs,0,middle_age,1.1016845070364176,high,0,Unknown,F.C.C.,1,female_2,90.0
0,3,male,18.0,1,1,S,3,0,Mr,3.0545906305603445,0,Mr,0,teen,1.0181968768534482,high,0,Unknown,NONE,0,male_3,54.0
0,3,female,,8,2,S,11,0,Miss,4.256321678298823,0,Miss,1,adult,0.3869383343908021,very_high,0,Unknown,CA.,1,female_3,85.5
1,3,female,,1,0,Q,2,0,Miss,2.803360380906535,0,Miss,1,adult,1.4016801904532674,high,0,Unknown,NONE,0,female_3,85.5
0,2,male,28.0,0,1,S,2,0,Rev,3.5263605246161616,0,Rare,0,adult,1.7631802623080808,very_high,0,Unknown,NONE,0,male_2,56.0
0,3,male,55.5,0,0,S,1,0,Mr,2.2027647577118348,1,Mr,0,middle_age,2.2027647577118348,medium,0,Unknown,A.5.,1,male_3,166.5
0,1,male,24.0,0,1,C,2,2,Mr,5.515526544247129,0,Mr,0,adult,2.7577632721235643,very_high,1,B,PC,1,male_1,24.0
0,1,male,,0,0,S,1,0,Mr,0.0,1,Mr,1,adult,0.0,low,0,Unknown,NONE,0,male_1,28.5
1,3,female,,1,0,S,2,0,Mrs,2.8390784635086144,0,Mrs,1,adult,1.4195392317543072,high,0,Unknown,NONE,0,female_3,85.5
0,3,male,,1,2,S,4,0,Mr,3.196630215920881,0,Mr,1,adult,0.7991575539802203,high,0,Unknown,W./C.,1,male_3,85.5
0,3,male,,8,2,S,11,0,Master,4.256321678298823,0,Master,1,adult,0.3869383343908021,very_high,0,Unknown,CA.,1,male_3,85.5
1,2,female,29.0,1,0,S,2,0,Mrs,3.295836866004329,0,Mrs,0,adult,1.6479184330021646,high,0,Unknown,NONE,0,female_2,58.0
1,1,female,58.0,0,1,S,2,1,Mrs,5.039951348430309,0,Mrs,0,middle_age,2.5199756742151544,very_high,1,C,PC,1,female_1,58.0
1,3,female,26.0,0,0,S,1,0,Miss,2.188856327665703,1,Miss,0,adult,2.188856327665703,medium,0,Unknown,STON/O2.,1,female_3,78.0
1,1,female,44.0,0,1,C,2,1,Mrs,4.077184839375167,0,Mrs,0,middle_age,2.0385924196875833,very_high,1,B,NONE,0,female_1,44.0
0,3,male,,0,0,C,1,0,Mr,2.1071782966514356,1,Mr,1,adult,2.1071782966514356,low,0,Unknown,NONE,0,male_3,85.5
0,3,male,32.0,0,0,S,1,0,Mr,2.236712348843338,1,Mr,0,adult,2.236712348843338,medium,0,Unknown,NONE,0,male_3,96.0
0,2,male,26.0,0,0,S,1,0,Mr,2.4423470353692043,1,Mr,0,adult,2.4423470353692043,medium,0,Unknown,NONE,0,male_2,52.0
0,3,male,16.0,0,0,S,1,0,Mr,2.2027647577118348,1,Mr,0,teen,2.2027647577118348,medium,0,Unknown,A/4.,1,male_3,48.0
0,3,male,19.0,0,0,S,1,0,Mr,2.1719067693519296,1,Mr,0,adult,2.1719067693519296,low,0,Unknown,NONE,0,male_3,57.0
0,3,male,,0,0,S,1,0,Mr,2.1855792552411137,1,Mr,1,adult,2.1855792552411137,low,0,Unknown,NONE,0,male_3,85.5
0,3,male,48.0,0,0,S,1,0,Mr,2.180891922715322,1,Mr,0,middle_age,2.180891922715322,low,0,Unknown,NONE,0,male_3,144.0
0,3,male,,0,0,Q,1,0,Mr,2.169053700369523,1,Mr,1,adult,2.169053700369523,low,0,Unknown,NONE,0,male_3,85.5
0,3,male,9.0,5,2,S,8,0,Master,3.8691155044168695,0,Master,0,child,0.4836394380521087,very_high,0,Unknown,CA,1,male_3,27.0
1,1,female,35.0,1,0,S,2,1,Mrs,4.436455632600354,0,Mrs,0,adult,2.218227816300177,very_high,1,C,NONE,0,female_1,35.0
1,3,male,12.0,1,0,C,2,0,Master,2.5048481563289,0,Master,0,child,1.25242407816445,medium,0,Unknown,NONE,0,male_3,36.0
0,3,female,31.0,0,0,S,1,0,Miss,2.180891922715322,1,Miss,0,adult,2.180891922715322,low,0,Unknown,NONE,0,female_3,93.0
1,2,female,27.0,1,0,C,2,0,Miss,2.698558631668595,0,Miss,0,adult,1.3492793158342975,medium,0,Unknown,SC/PARIS,1,female_2,54.0
1,1,female,43.0,0,1,S,2,1,Mrs,5.35817698994543,0,Mrs,0,middle_age,2.679088494972715,very_high,1,B,NONE,0,female_1,43.0
0,3,female,30.5,0,0,Q,1,0,Miss,2.169053700369523,1,Miss,0,adult,2.169053700369523,low,0,Unknown,NONE,0,female_3,91.5
0,3,male,34.0,0,0,S,1,0,Mr,2.2027647577118348,1,Mr,0,adult,2.2027647577118348,medium,0,Unknown,NONE,0,male_3,102.0
0,2,male,,0,0,S,1,0,Mr,0.0,1,Mr,1,adult,0.0,low,0,Unknown,NONE,0,male_2,57.0
0,2,male,23.0,0,0,S,1,0,Mr,2.6390573296152584,1,Mr,0,adult,2.6390573296152584,medium,0,Unknown,NONE,0,male_2,46.0
1,3,female,24.0,0,2,S,3,1,Mrs,2.8735646395797834,0,Mrs,0,adult,0.9578548798599278,high,1,G,PP,1,female_3,72.0
0,2,male,39.0,0,0,S,1,0,Mr,3.295836866004329,1,Mr,0,middle_age,3.295836866004329,high,0,Unknown,NONE,0,male_2,78.0
1,2,female,24.0,0,0,S,1,1,Miss,2.6390573296152584,1,Miss,0,adult,2.6390573296152584,medium,1,F,NONE,0,female_2,48.0
0,3,male,,0,0,Q,1,0,Mr,2.17806441028492,1,Mr,1,adult,2.17806441028492,low,0,Unknown,NONE,0,male_3,85.5
1,3,female,0.75,2,1,C,4,0,Miss,3.0085645861193133,0,Miss,0,child,0.7521411465298283,high,0,Unknown,NONE,0,female_3,2.25
0,2,male,34.0,0,0,S,1,0,Mr,2.6390573296152584,1,Mr,0,adult,2.6390573296152584,medium,0,Unknown,NONE,0,male_2,68.0
0,3,male,23.0,0,0,S,1,0,Mr,2.3248357019288655,1,Mr,0,adult,2.3248357019288655,medium,0,Unknown,NONE,0,male_3,69.0
1,2,female,42.0,1,0,S,2,0,Mrs,3.295836866004329,0,Mrs,0,middle_age,1.6479184330021646,high,0,Unknown,SC/AH,1,female_2,84.0
0,3,male,,0,0,Q,1,0,Mr,2.246892662898172,1,Mr,1,adult,2.246892662898172,medium,0,Unknown,NONE,0,male_3,85.5
0,3,male,22.0,0,0,S,1,0,Mr,2.2027647577118348,1,Mr,0,adult,2.2027647577118348,medium,0,Unknown,NONE,0,male_3,66.0
1,2,male,0.83,0,2,S,3,0,Master,3.4011973816621555,0,Master,0,child,1.1337324605540517,high,0,Unknown,NONE,0,male_2,1.66
0,3,female,,0,0,S,1,0,Miss,2.145931282948669,1,Miss,1,adult,2.145931282948669,low,0,Unknown,W./C.,1,female_3,85.5
0,2,male,52.0,0,0,S,1,0,Mr,2.6741486494265287,1,Mr,0,middle_age,2.6741486494265287,medium,0,Unknown,NONE,0,male_2,104.0
0,3,male,17.0,1,0,S,2,0,Mr,2.086193694502369,0,Mr,0,teen,1.0430968472511846,low,0,Unknown,NONE,0,male_3,51.0
1,1,male,49.0,1,0,C,2,1,Mr,4.500966778400217,0,Mr,0,middle_age,2.2504833892001086,very_high,1,C,NONE,0,male_1,49.0
1,3,male,44.0,0,0,S,1,0,Mr,2.188856327665703,1,Mr,0,middle_age,2.188856327665703,medium,0,Unknown,STON/O,1,male_3,132.0
1,3,male,6.0,0,1,S,2,1,Master,2.600836116795061,0,Master,0,child,1.3004180583975304,medium,1,E,NONE,0,male_3,18.0
0,1,male,64.0,0,0,S,1,0,Mr,3.295836866004329,1,Mr,0,senior,3.295836866004329,high,0,Unknown,NONE,0,male_1,64.0
0,3,female,18.0,0,0,S,1,0,Miss,2.1719067693519296,1,Miss,0,teen,2.1719067693519296,low,0,Unknown,NONE,0,female_3,54.0
0,3,male,19.0,0,0,S,1,0,Mr,2.740840023925201,1,Mr,0,adult,2.740840023925201,high,0,Unknown,NONE,0,male_3,57.0
0,3,male,26.0,1,2,S,4,0,Mr,3.0715352369694915,0,Mr,0,adult,0.7678838092423729,high,0,Unknown,C.A.,1,male_3,78.0
0,2,male,43.0,1,1,S,3,0,Mr,3.305053521109253,0,Mr,0,middle_age,1.1016845070364176,high,0,Unknown,F.C.C.,1,male_2,86.0
0,3,male,,0,0,Q,1,0,Mr,3.224857896545748,1,Mr,1,adult,3.224857896545748,high,0,Unknown,NONE,0,male_3,85.5
0,3,female,23.0,0,0,S,1,0,Miss,2.188856327665703,1,Miss,0,adult,2.188856327665703,medium,0,Unknown,STON/O2.,1,female_3,69.0
0,3,male,16.0,4,1,S,6,0,Mr,3.705920919968788,0,Mr,0,teen,0.6176534866614647,very_high,0,Unknown,NONE,0,male_3,48.0
1,1,female,36.0,0,2,S,3,1,Miss,4.276666119016055,0,Miss,0,middle_age,1.4255553730053518,very_high,1,B,WE/P,1,female_1,36.0
1,1,female,22.0,0,1,S,2,1,Miss,4.02535169073515,0,Miss,0,adult,2.012675845367575,very_high,1,E,NONE,0,female_1,22.0
0,3,male,19.0,0,0,S,1,0,Mr,2.1855792552411137,1,Mr,0,adult,2.1855792552411137,low,0,Unknown,NONE,0,male_3,57.0
1,3,female,,0,0,Q,1,0,Miss,2.1837114628556327,1,Miss,1,adult,2.1837114628556327,low,0,Unknown,NONE,0,female_3,85.5
0,3,male,47.0,0,0,S,1,0,Mr,2.302585092994046,1,Mr,0,middle_age,2.302585092994046,medium,0,Unknown,NONE,0,male_3,141.0
1,2,female,40.0,0,0,S,1,0,Mrs,2.8183982582710754,1,Mrs,0,middle_age,2.8183982582710754,high,0,Unknown,C.A.,1,female_2,80.0
0,3,female,20.0,1,0,S,2,0,Miss,2.3818582738885534,0,Miss,0,adult,1.1909291369442767,medium,0,Unknown,NONE,0,female_3,60.0
1,2,female,36.0,1,0,S,2,0,Mrs,3.295836866004329,0,Mrs,0,middle_age,1.6479184330021646,high,0,Unknown,NONE,0,female_2,72.0
0,3,male,18.0,1,1,S,3,0,Mr,2.180891922715322,0,Mr,0,teen,0.7269639742384406,low,0,Unknown,NONE,0,male_3,54.0
0,2,male,18.0,0,0,S,1,0,Mr,2.5257286443082556,1,Mr,0,teen,2.5257286443082556,medium,0,Unknown,NONE,0,male_2,36.0
1,3,male,32.0,0,0,S,1,0,Mr,4.05171190165724,1,Mr,0,adult,4.05171190165724,very_high,0,Unknown,NONE,0,male_3,96.0
0,3,male,33.0,0,0,C,1,0,Mr,2.1855792552411137,1,Mr,0,adult,2.1855792552411137,low,0,Unknown,NONE,0,male_3,99.0
1,1,male,35.0,0,0,C,1,0,Mr,3.3160025355989236,1,Mr,0,adult,3.3160025355989236,high,0,Unknown,NONE,0,male_1,35.0
0,1,male,64.0,1,4,S,6,3,Mr,5.575949103146316,0,Mr,0,senior,0.929324850524386,very_high,1,C,NONE,0,male_1,64.0
0,1,male,52.0,1,1,S,3,1,Mr,4.390118804571218,0,Mr,0,middle_age,1.4633729348570725,very_high,1,E,NONE,0,male_1,52.0
1,3,female,24.0,0,3,C,4,0,Mrs,3.0085645861193133,0,Mrs,0,adult,0.7521411465298283,high,0,Unknown,NONE,0,female_3,72.0
0,3,male,61.0,0,0,S,1,0,Mr,1.9792758428991135,1,Mr,0,senior,1.9792758428991135,low,0,Unknown,NONE,0,male_3,183.0
0,2,male,24.0,0,0,S,1,0,Mr,2.4423470353692043,1,Mr,0,adult,2.4423470353692043,medium,0,Unknown,C.A.,1,male_2,48.0
0,3,male,43.0,0,0,S,1,0,Mr,2.2027647577118348,1,Mr,0,middle_age,2.2027647577118348,medium,0,Unknown,A/5,1,male_3,129.0
1,2,female,34.0,0,0,S,1,1,Mrs,2.4423470353692043,1,Mrs,0,adult,2.4423470353692043,medium,1,F,C.A.,1,female_2,68.0
1,3,female,63.0,0,0,S,1,0,Mrs,2.3596740599781727,1,Mrs,0,senior,2.3596740599781727,medium,0,Unknown,NONE,0,female_3,189.0
1,1,female,24.0,0,0,C,1,1,Mlle,4.252771798816619,1,Miss,0,adult,4.252771798816619,very_high,1,B,PC,1,female_1,24.0
1,1,female,38.0,1,0,C,2,1,Mrs,4.2805931204649,0,Mrs,0,middle_age,2.14029656023245,very_high,1,C,PC,1,female_1,38.0
0,3,male,21.0,0,0,S,1,0,Mr,2.1102132003465894,1,Mr,0,adult,2.1102132003465894,low,0,Unknown,SOTON/OQ,1,male_3,63.0
1,1,female,45.0,1,1,S,3,0,Mrs,5.11118445372147,0,Mrs,0,middle_age,1.70372815124049,very_high,0,Unknown,NONE,0,female_1,45.0
0,3,male,16.0,1,3,S,5,0,Mr,3.5660053559634015,0,Mr,0,teen,0.7132010711926803,very_high,0,Unknown,W./C.,1,male_3,48.0
1,3,male,20.0,1,0,S,2,0,Mr,2.188856327665703,0,Mr,0,adult,1.0944281638328515,medium,0,Unknown,STON/O,1,male_3,60.0
0,2,male,,0,0,C,1,0,Mr,2.775708849576025,1,Mr,1,adult,2.775708849576025,high,0,Unknown,SC/PARIS,1,male_2,57.0
0,3,female,41.0,0,5,S,6,0,Mrs,3.705920919968788,0,Mrs,0,middle_age,0.6176534866614647,very_high,0,Unknown,NONE,0,female_3,123.0
0,2,male,30.0,0,0,S,1,0,Mr,2.6390573296152584,1,Mr,0,adult,2.6390573296152584,medium,0,Unknown,NONE,0,male_2,60.0
0,3,male,29.0,0,0,S,1,0,Mr,2.2027647577118348,1,Mr,0,adult,2.2027647577118348,medium,0,Unknown,NONE,0,male_3,87.0
0,3,female,3.0,3,1,S,5,0,Miss,3.0944457464900235,0,Miss,0,child,0.6188891492980046,high,0,Unknown,NONE,0,female_3,9.0
1,2,male,3.0,1,1,S,3,1,Master,3.295836866004329,0,Master,0,child,1.0986122886681098,high,1,F,NONE,0,male_2,6.0
0,2,male,54.0,1,0,S,2,0,Rev,3.295836866004329,0,Rare,0,middle_age,1.6479184330021646,high,0,Unknown,NONE,0,male_2,108.0
0,3,male,28.0,2,0,S,3,0,Mr,2.188856327665703,0,Mr,0,adult,0.7296187758885676,medium,0,Unknown,NONE,0,male_3,84.0
0,3,male,36.0,0,0,S,1,0,Mr,2.139571923732859,1,Mr,0,middle_age,2.139571923732859,low,0,Unknown,NONE,0,male_3,108.0
1,1,male,48.0,0,0,S,1,1,Mr,3.3160025355989236,1,Mr,0,middle_age,3.3160025355989236,high,1,E,NONE,0,male_1,48.0
1,3,female,31.0,0,0,S,1,0,Mrs,2.270402752283094,1,Mrs,0,adult,2.270402752283094,medium,0,Unknown,NONE,0,female_3,93.0
0,3,male,26.0,0,0,S,1,0,Mr,2.1855792552411137,1,Mr,0,adult,2.1855792552411137,low,0,Unknown,NONE,0,male_3,78.0
0,3,male,,3,1,S,5,0,Master,3.275887339030031,0,Master,1,adult,0.6551774678060063,high,0,Unknown,NONE,0,male_3,85.5
1,3,male,0.42,0,1,C,2,0,Master,2.2530481500547457,0,Master,0,child,1.1265240750273728,medium,0,Unknown,NONE,0,male_3,1.26
0,3,female,25.0,0,0,S,1,0,Miss,2.1719067693519296,1,Miss,0,adult,2.1719067693519296,low,0,Unknown,NONE,0,female_3,75.0
0,1,male,,0,0,S,1,1,Mr,3.970291913552122,1,Mr,1,adult,3.970291913552122,very_high,1,A,NONE,0,male_1,28.5
0,3,male,38.0,0,0,S,1,0,Mr,2.2682524139135403,1,Mr,0,middle_age,2.2682524139135403,medium,0,Unknown,NONE,0,male_3,114.0
0,3,male,,0,0,S,1,0,Mr,2.2027647577118348,1,Mr,1,adult,2.2027647577118348,medium,0,Unknown,A4.,1,male_3,85.5
1,3,male,,1,1,C,3,0,Master,2.7878344138303452,0,Master,1,adult,0.9292781379434484,high,0,Unknown,NONE,0,male_3,85.5
0,3,male,15.0,1,1,C,3,0,Mr,2.1076888046179385,0,Mr,0,teen,0.7025629348726462,low,0,Unknown,NONE,0,male_3,45.0
0,2,male,35.0,0,0,S,1,0,Mr,3.295836866004329,1,Mr,0,adult,3.295836866004329,high,0,Unknown,NONE,0,male_2,70.0
0,3,male,,0,0,S,1,0,Mr,2.1719067693519296,1,Mr,1,adult,2.1719067693519296,low,0,Unknown,NONE,0,male_3,85.5
0,1,male,24.0,0,0,C,1,1,Mr,4.384523514872469,1,Mr,0,adult,4.384523514872469,very_high,1,B,PC,1,male_1,24.0
0,1,male,36.0,0,0,C,1,1,Mr,3.716616209085536,1,Mr,0,middle_age,3.716616209085536,very_high,1,A,NONE,0,male_1,36.0
1,3,female,22.0,0,0,S,1,0,Miss,2.1719067693519296,1,Miss,0,adult,2.1719067693519296,low,0,Unknown,NONE,0,female_3,66.0
1,1,male,50.0,2,0,S,3,0,Dr,4.902678819257608,0,Rare,0,middle_age,1.6342262730858694,very_high,0,Unknown,PC,1,male_1,50.0
0,3,male,,0,0,Q,1,0,Mr,2.169053700369523,1,Mr,1,adult,2.169053700369523,low,0,Unknown,NONE,0,male_3,85.5
0,3,male,45.5,0,0,C,1,0,Mr,2.1071782966514356,1,Mr,0,middle_age,2.1071782966514356,low,0,Unknown,NONE,0,male_3,136.5
0,3,male,33.0,0,0,S,1,0,Mr,2.1719067693519296,1,Mr,0,adult,2.1719067693519296,low,0,Unknown,NONE,0,male_3,99.0
0,3,male,19.0,0,0,S,1,0,Mr,2.1855792552411137,1,Mr,0,adult,2.1855792552411137,low,0,Unknown,NONE,0,male_3,57.0
0,2,male,18.0,0,0,S,1,0,Mr,2.6390573296152584,1,Mr,0,teen,2.6390573296152584,medium,0,Unknown,NONE,0,male_2,36.0
1,3,female,16.0,0,0,Q,1,0,Miss,2.169053700369523,1,Miss,0,teen,2.169053700369523,low,0,Unknown,NONE,0,female_3,48.0
1,1,male,,0,0,S,1,1,Mr,3.4339872044851463,1,Mr,1,adult,3.4339872044851463,high,1,D,NONE,0,male_1,28.5
1,1,male,,0,0,C,1,1,Mr,3.4242626545931514,1,Mr,1,adult,3.4242626545931514,high,1,C,NONE,0,male_1,28.5
1,1,male,48.0,1,0,C,2,1,Mr,4.353230991152628,0,Mr,0,middle_age,2.176615495576314,very_high,1,D,PC,1,male_1,48.0
0,3,male,22.0,0,0,S,1,0,Mr,2.1855792552411137,1,Mr,0,adult,2.1855792552411137,low,0,Unknown,NONE,0,male_3,66.0
0,1,male,29.0,0,0,S,1,1,Mr,3.4339872044851463,1,Mr,0,adult,3.4339872044851463,high,1,D,NONE,0,male_1,29.0
0,1,male,,0,0,S,1,0,Mr,3.2930552230424524,1,Mr,1,adult,3.2930552230424524,high,0,Unknown,PC,1,male_1,28.5
0,1,male,38.0,0,1,S,2,1,Mr,5.039951348430309,0,Mr,0,middle_age,2.5199756742151544,very_high,1,C,PC,1,male_1,38.0
0,3,male,44.0,0,0,S,1,0,Mr,2.2027647577118348,1,Mr,0,middle_age,2.2027647577118348,medium,0,Unknown,NONE,0,male_3,132.0
1,2,male,3.0,1,1,S,3,0,Master,2.9831534913471307,0,Master,0,child,0.9943844971157102,high,0,Unknown,NONE,0,male_2,6.0
1,1,female,18.0,1,0,C,2,2,Mrs,5.4316456135398825,0,Mrs,0,teen,2.7158228067699413,very_high,1,C,PC,1,female_1,18.0
0,1,male,18.0,1,0,C,2,1,Mr,4.699570861409576,0,Mr,0,teen,2.349785430704788,very_high,1,C,PC,1,male_1,18.0
0,3,male,,1,0,Q,2,0,Mr,3.224857896545748,0,Mr,1,adult,1.612428948272874,high,0,Unknown,NONE,0,male_3,85.5
0,3,male,2.0,3,1,S,5,0,Master,3.0944457464900235,0,Master,0,child,0.6188891492980046,high,0,Unknown,NONE,0,male_3,6.0
1,1,male,35.0,0,0,C,1,1,Mr,6.240917354759096,1,Mr,0,adult,6.240917354759096,very_high,1,B,PC,1,male_1,35.0
0,3,male,74.0,0,0,S,1,0,Mr,2.1719067693519296,1,Mr,0,senior,2.1719067693519296,low,0,Unknown,NONE,0,male_3,222.0
1,2,male,31.0,0,0,S,1,0,Mr,2.6390573296152584,1,Mr,0,adult,2.6390573296152584,medium,0,Unknown,NONE,0,male_2,62.0
0,3,male,28.5,0,0,S,1,0,Mr,2.8390784635086144,1,Mr,0,adult,2.8390784635086144,high,0,Unknown,NONE,0,male_3,85.5
0,1,male,56.0,0,0,C,1,1,Mr,3.4561841799918147,1,Mr,0,middle_age,3.4561841799918147,high,1,A,NONE,0,male_1,56.0
0,3,male,26.0,1,0,S,2,0,Mr,2.180891922715322,0,Mr,0,adult,1.090445961357661,low,0,Unknown,NONE,0,male_3,78.0
1,3,male,32.0,0,0,S,1,0,Mr,2.180891922715322,1,Mr,0,adult,2.180891922715322,low,0,Unknown,NONE,0,male_3,96.0
1,3,male,,0,0,C,1,0,Mr,2.1076888046179385,1,Mr,1,adult,2.1076888046179385,low,0,Unknown,NONE,0,male_3,85.5
1,1,male,40.0,0,0,C,1,1,Mr,3.4657359027997265,1,Mr,0,middle_age,3.4657359027997265,high,1,A,NONE,0,male_1,40.0
1,1,male,27.0,0,0,C,1,1,Mr,4.353230991152628,1,Mr,0,adult,4.353230991152628,very_high,1,D,PC,1,male_1,27.0
0,3,male,,0,0,Q,1,0,Mr,2.803360380906535,1,Mr,1,adult,2.803360380906535,high,0,Unknown,NONE,0,male_3,85.5
0,3,male,38.0,0,0,S,1,0,Mr,2.1855792552411137,1,Mr,0,middle_age,2.1855792552411137,low,0,Unknown,NONE,0,male_3,114.0
0,3,male,1.0,4,1,S,6,0,Master,3.705920919968788,0,Master,0,child,0.6176534866614647,very_high,0,Unknown,NONE,0,male_3,3.0
0,2,male,,0,0,S,1,0,Mr,0.0,1,Mr,1,adult,0.0,low,0,Unknown,NONE,0,male_2,57.0
0,3,male,,0,0,Q,1,0,Mr,2.1666737276227077,1,Mr,1,adult,2.1666737276227077,low,0,Unknown,NONE,0,male_3,85.5
1,2,male,0.67,1,1,S,3,0,Master,2.740840023925201,0,Master,0,child,0.9136133413084003,high,0,Unknown,NONE,0,male_2,1.34
0,3,male,,1,0,Q,2,0,Mr,2.803360380906535,0,Mr,1,adult,1.4016801904532674,high,0,Unknown,NONE,0,male_3,85.5
1,3,female,2.0,0,1,S,2,0,Miss,2.586823743668066,0,Miss,0,child,1.293411871834033,medium,0,Unknown,NONE,0,female_3,6.0
1,3,female,18.0,0,0,S,1,0,Miss,2.3833998102837652,1,Miss,0,teen,2.3833998102837652,medium,0,Unknown,NONE,0,female_3,54.0
1,1,female,51.0,1,0,S,2,1,Mrs,4.368919865004903,0,Mrs,0,middle_age,2.1844599325024516,very_high,1,D,NONE,0,female_1,51.0
0,2,male,29.0,1,0,C,2,0,Mr,3.357621598945279,0,Mr,0,adult,1.6788107994726396,high,0,Unknown,SC/PARIS,1,male_2,58.0
0,3,male,49.0,0,0,S,1,0,Mr,0.0,1,Mr,0,middle_age,0.0,low,0,Unknown,NONE,1,male_3,147.0
0,3,male,24.0,0,0,S,1,0,Mr,2.3513752571634776,1,Mr,0,adult,2.3513752571634776,medium,0,Unknown,NONE,0,male_3,72.0
1,3,female,31.0,1,1,S,3,0,Mrs,3.0692150503137943,0,Mrs,0,adult,1.0230716834379314,high,0,Unknown,NONE,0,female_3,93.0
0,3,female,45.0,0,0,S,1,0,Miss,2.169053700369523,1,Miss,0,middle_age,2.169053700369523,low,0,Unknown,NONE,0,female_3,135.0
0,3,male,32.0,0,0,S,1,0,Mr,2.188856327665703,1,Mr,0,adult,2.188856327665703,medium,0,Unknown,STON/O,1,male_3,96.0
0,3,female,18.0,0,1,C,2,0,Miss,2.737880811060884,0,Miss,0,teen,1.368940405530442,medium,0,Unknown,NONE,0,female_3,54.0
0,2,female,44.0,1,0,S,2,0,Mrs,3.295836866004329,0,Mrs,0,middle_age,1.6479184330021646,high,0,Unknown,NONE,0,female_2,88.0
1,1,female,47.0,1,1,S,3,1,Mrs,3.9806942251907276,0,Mrs,0,middle_age,1.326898075063576,very_high,1,D,NONE,0,female_1,47.0
0,2,male,36.5,0,2,S,3,1,Mr,3.295836866004329,0,Mr,0,middle_age,1.0986122886681098,high,1,F,NONE,0,male_2,73.0
0,2,male,30.0,0,0,S,1,0,Mr,2.6390573296152584,1,Mr,0,adult,2.6390573296152584,medium,0,Unknown,NONE,0,male_2,60.0
1,2,female,27.0,0,0,S,1,1,Miss,2.4423470353692043,1,Miss,0,adult,2.4423470353692043,medium,1,E,NONE,0,female_2,54.0
1,3,male,29.0,0,0,S,1,0,Mr,2.3513752571634776,1,Mr,0,adult,2.3513752571634776,medium,0,Unknown,NONE,0,male_3,87.0
0,1,male,71.0,0,0,C,1,0,Mr,3.922056501139853,1,Mr,0,senior,3.922056501139853,very_high,0,Unknown,PC,1,male_1,71.0
1,1,female,52.0,1,1,S,3,1,Mrs,4.548599834499697,0,Mrs,0,middle_age,1.5161999448332324,very_high,1,B,NONE,0,female_1,52.0
0,3,female,43.0,1,6,S,8,0,Mrs,3.8691155044168695,0,Mrs,0,middle_age,0.4836394380521087,very_high,0,Unknown,CA,1,female_3,129.0
0,3,male,22.0,0,0,S,1,0,Mr,2.1855792552411137,1,Mr,0,adult,2.1855792552411137,low,0,Unknown,NONE,0,male_3,66.0
1,3,female,,2,0,Q,3,0,Miss,3.188416617383492,0,Miss,1,adult,1.0628055391278306,high,0,Unknown,NONE,0,female_3,85.5
1,1,female,,0,1,S,2,1,Mrs,4.02535169073515,0,Mrs,1,adult,2.012675845367575,very_high,1,E,NONE,0,female_1,28.5
0,3,male,26.0,0,0,S,1,0,Mr,2.1855792552411137,1,Mr,0,adult,2.1855792552411137,low,0,Unknown,NONE,0,male_3,78.0
0,3,female,25.0,1,0,S,2,0,Miss,2.188856327665703,0,Miss,0,adult,1.0944281638328515,medium,0,Unknown,STON/O2.,1,female_3,75.0
0,1,male,,0,0,S,1,1,Mr,0.0,1,Mr,1,adult,0.0,low,1,B,NONE,0,male_1,28.5
1,1,female,31.0,0,2,S,3,1,Miss,5.11118445372147,0,Miss,0,adult,1.70372815124049,very_high,1,C,NONE,0,female_1,31.0
1,3,male,45.0,0,0,S,1,0,Mr,2.2027647577118348,1,Mr,0,middle_age,2.2027647577118348,medium,0,Unknown,NONE,0,male_3,135.0
0,3,male,22.0,0,0,S,1,0,Mr,2.1102132003465894,1,Mr,0,adult,2.1102132003465894,low,0,Unknown,A/5,1,male_3,66.0
1,1,female,49.0,1,0,C,2,1,Mrs,4.353230991152628,0,Mrs,0,middle_age,2.176615495576314,very_high,1,D,PC,1,female_1,49.0
1,2,female,22.0,1,2,C,4,0,Mrs,3.7513658711253766,0,Mrs,0,adult,0.9378414677813441,very_high,0,Unknown,SC/Paris,1,female_2,44.0
1,3,female,4.0,0,2,S,3,0,Miss,3.1365805821413706,0,Miss,0,child,1.0455268607137902,high,0,Unknown,NONE,0,female_3,12.0
1,3,female,29.0,0,2,C,3,0,Mrs,2.7878344138303452,0,Mrs,0,adult,0.9292781379434484,high,0,Unknown,NONE,0,female_3,87.0
0,2,male,34.0,0,0,S,1,0,Mr,2.6390573296152584,1,Mr,0,adult,2.6390573296152584,medium,0,Unknown,NONE,0,male_2,68.0
1,1,female,48.0,0,0,S,1,1,Mrs,3.2932111997353943,1,Mrs,0,middle_age,3.2932111997353943,high,1,D,NONE,0,female_1,48.0
0,2,female,27.0,1,0,S,2,0,Mrs,3.091042453358316,0,Mrs,0,adult,1.545521226679158,high,0,Unknown,NONE,0,female_2,54.0
1,1,female,54.0,1,0,C,2,0,Mrs,4.100989104940769,0,Mrs,0,middle_age,2.0504945524703846,very_high,0,Unknown,PC,1,female_1,54.0
1,2,male,,0,0,C,1,0,Mr,2.6988412620169004,1,Mr,1,adult,2.6988412620169004,medium,0,Unknown,SC/PARIS,1,male_2,57.0
1,2,female,19.0,1,0,S,2,0,Mrs,3.295836866004329,0,Mrs,0,adult,1.6479184330021646,high,0,Unknown,NONE,0,female_2,38.0
1,1,female,22.0,1,0,S,2,1,Mrs,4.213607983048918,0,Mrs,0,adult,2.106803991524459,very_high,1,C,NONE,0,female_1,22.0
0,1,male,45.5,0,0,S,1,1,Mr,3.3843902633457743,1,Mr,0,middle_age,3.3843902633457743,high,1,C,NONE,0,male_1,45.5
0,1,male,,0,0,C,1,0,Mr,3.357621598945279,1,Mr,1,adult,3.357621598945279,high,0,Unknown,PC,1,male_1,28.5
0,3,male,23.0,0,0,S,1,0,Mr,2.180891922715322,1,Mr,0,adult,2.180891922715322,low,0,Unknown,NONE,0,male_3,69.0
0,3,male,30.0,0,0,S,1,0,Mr,2.2027647577118348,1,Mr,0,adult,2.2027647577118348,medium,0,Unknown,A.5.,1,male_3,90.0
0,3,male,,0,0,C,1,0,Mr,2.1076888046179385,1,Mr,1,adult,2.1076888046179385,low,0,Unknown,NONE,0,male_3,85.5
0,2,male,34.0,1,0,S,2,0,Mr,3.091042453358316,0,Mr,0,adult,1.545521226679158,high,0,Unknown,NONE,0,male_2,68.0
1,3,male,31.0,0,0,S,1,0,Mr,2.188856327665703,1,Mr,0,adult,2.188856327665703,medium,0,Unknown,STON/O,1,male_3,93.0
0,3,male,,8,2,S,11,0,Mr,4.256321678298823,0,Mr,1,adult,0.3869383343908021,very_high,0,Unknown,CA.,1,male_3,85.5
0,3,male,40.0,1,4,S,6,0,Mr,3.3638415951183864,0,Mr,0,middle_age,0.5606402658530644,high,0,Unknown,NONE,0,male_3,120.0
1,3,female,,0,0,Q,1,0,Miss,2.169053700369523,1,Miss,1,adult,2.169053700369523,low,0,Unknown,NONE,0,female_3,85.5
0,2,male,32.0,0,0,S,1,0,Mr,2.4423470353692043,1,Mr,0,adult,2.4423470353692043,medium,0,Unknown,C.A.,1,male_2,64.0
0,3,male,20.0,0,0,S,1,0,Mr,2.3248357019288655,1,Mr,0,adult,2.3248357019288655,medium,0,Unknown,NONE,0,male_3,60.0
0,1,male,27.0,0,2,C,3,1,Mr,5.358941988364472,0,Mr,0,adult,1.7863139961214907,very_high,1,C,NONE,0,male_1,27.0
1,2,female,32.5,0,0,S,1,1,Miss,2.6390573296152584,1,Miss,0,adult,2.6390573296152584,medium,1,E,NONE,0,female_2,65.0
1,1,female,44.0,0,0,C,1,1,Mrs,3.357621598945279,1,Mrs,0,middle_age,3.357621598945279,high,1,B,PC,1,female_1,44.0
0,2,male,23.0,0,0,C,1,0,Mr,2.775447133088262,1,Mr,0,adult,2.775447133088262,high,0,Unknown,SC/PARIS,1,male_2,46.0
0,3,male,34.0,1,1,S,3,0,Mr,2.7343675094195836,0,Mr,0,adult,0.9114558364731945,medium,0,Unknown,NONE,0,male_3,102.0
1,2,male,32.0,1,0,S,2,0,Mr,3.295836866004329,0,Mr,0,adult,1.6479184330021646,high,0,Unknown,NONE,0,male_2,64.0
1,1,male,4.0,0,2,S,3,1,Master,4.417131919904876,0,Master,0,child,1.4723773066349588,very_high,1,A,NONE,0,male_1,4.0
0,3,female,2.0,4,2,S,7,0,Miss,3.4742929367327062,0,Miss,0,child,0.4963275623903866,very_high,0,Unknown,NONE,0,female_3,6.0
0,2,male,,0,0,S,1,0,Mr,0.0,1,Mr,1,adult,0.0,low,0,Unknown,NONE,0,male_2,57.0
0,2,male,25.0,0,0,S,1,0,Mr,2.6390573296152584,1,Mr,0,adult,2.6390573296152584,medium,0,Unknown,NONE,0,male_2,50.0
0,3,male,24.0,0,0,S,1,0,Mr,2.2027647577118348,1,Mr,0,adult,2.2027647577118348,medium,0,Unknown,NONE,0,male_3,72.0
0,3,male,21.0,0,0,S,1,0,Mr,2.2682524139135403,1,Mr,0,adult,2.2682524139135403,medium,0,Unknown,NONE,0,male_3,63.0
0,2,male,31.0,0,0,S,1,0,Mr,2.4423470353692043,1,Mr,0,adult,2.4423470353692043,medium,0,Unknown,C.A.,1,male_2,62.0
0,2,male,54.0,0,0,S,1,0,Dr,2.70805020110221,1,Rare,0,middle_age,2.70805020110221,medium,0,Unknown,NONE,0,male_2,108.0
1,3,female,33.0,3,0,S,4,0,Mrs,2.8243506567983707,0,Mrs,0,adult,0.7060876641995927,high,0,Unknown,NONE,0,female_3,99.0
0,2,male,23.0,0,0,S,1,0,Mr,2.6390573296152584,1,Mr,0,adult,2.6390573296152584,medium,0,Unknown,NONE,0,male_2,46.0
0,2,male,19.0,1,1,S,3,0,Mr,3.6309854756950335,0,Mr,0,adult,1.2103284918983446,very_high,0,Unknown,C.A.,1,male_2,38.0
0,3,male,65.0,0,0,Q,1,0,Mr,2.169053700369523,1,Mr,0,senior,2.169053700369523,low,0,Unknown,NONE,0,male_3,195.0
0,3,male,,1,0,S,2,0,Mr,3.0429354648621407,0,Mr,1,adult,1.5214677324310704,high,0,Unknown,NONE,0,male_3,85.5
1,2,female,42.0,0,0,S,1,0,Mrs,2.6390573296152584,1,Mrs,0,middle_age,2.6390573296152584,medium,0,Unknown,NONE,0,female_2,84.0
0,2,male,18.0,0,0,S,1,0,Mr,2.5257286443082556,1,Mr,0,teen,2.5257286443082556,medium,0,Unknown,NONE,0,male_2,36.0
0,2,male,27.0,0,0,S,1,0,Mr,2.6390573296152584,1,Mr,0,adult,2.6390573296152584,medium,0,Unknown,NONE,0,male_2,54.0
0,1,male,54.0,0,1,S,2,1,Mr,4.360387947851531,0,Mr,0,middle_age,2.1801939739257654,very_high,1,D,NONE,0,male_1,54.0
0,3,male,,0,0,C,1,0,Mr,2.1076888046179385,1,Mr,1,adult,2.1076888046179385,low,0,Unknown,NONE,0,male_3,85.5
0,1,male,47.0,0,0,S,1,1,Mr,3.970291913552122,1,Mr,0,middle_age,3.970291913552122,very_high,1,C,NONE,0,male_1,47.0
0,3,male,11.0,5,2,S,8,0,Master,3.8691155044168695,0,Master,0,child,0.4836394380521087,very_high,0,Unknown,CA,1,male_3,33.0
0,2,male,21.0,2,0,S,3,0,Mr,4.310799125385514,0,Mr,0,adult,1.4369330417951713,very_high,0,Unknown,S.O.C.,1,male_2,42.0
0,2,male,29.0,0,0,S,1,0,Mr,2.4423470353692043,1,Mr,0,adult,2.4423470353692043,medium,0,Unknown,W./C.,1,male_2,58.0
0,3,male,39.0,0,0,S,1,0,Mr,3.224857896545748,1,Mr,0,middle_age,3.224857896545748,high,0,Unknown,A/4,1,male_3,117.0
0,3,female,39.0,0,5,Q,6,0,Mrs,3.405355391810819,0,Mrs,0,middle_age,0.5675592319684698,high,0,Unknown,NONE,0,female_3,117.0
0,3,male,36.0,1,0,S,2,0,Mr,2.806386101823072,0,Mr,0,middle_age,1.403193050911536,high,0,Unknown,NONE,0,male_3,108.0
1,1,female,17.0,1,0,C,2,1,Mrs,4.699570861409576,0,Mrs,0,teen,2.349785430704788,very_high,1,C,PC,1,female_1,17.0
0,3,male,,0,0,S,1,0,Mr,2.2682524139135403,1,Mr,1,adult,2.2682524139135403,medium,0,Unknown,NONE,0,male_3,85.5
0,3,female,11.0,4,2,S,7,0,Miss,3.4742929367327062,0,Miss,0,child,0.4963275623903866,very_high,0,Unknown,NONE,0,female_3,33.0
0,3,female,47.0,1,0,S,2,0,Mrs,2.740840023925201,0,Mrs,0,middle_age,1.3704200119626004,high,0,Unknown,A/5.,1,female_3,141.0
0,1,male,,0,0,S,1,1,Mr,3.295836866004329,1,Mr,1,adult,3.295836866004329,high,1,A,NONE,0,male_1,28.5
1,3,female,38.0,1,5,S,7,0,Mrs,3.4777725458882283,0,Mrs,0,middle_age,0.496824649412604,very_high,0,Unknown,NONE,0,female_3,114.0
1,2,female,,0,0,Q,1,1,Miss,2.5915163848462583,1,Miss,1,adult,2.5915163848462583,medium,1,E,NONE,0,female_2,57.0
1,1,female,19.0,0,0,S,1,1,Miss,3.4339872044851463,1,Miss,0,adult,3.4339872044851463,high,1,B,NONE,0,female_1,19.0
1,1,female,48.0,1,0,C,2,1,Lady,3.703768066607687,0,Rare,0,middle_age,1.8518840333038435,very_high,1,A,NONE,0,female_1,48.0
0,3,male,,0,0,Q,1,0,Mr,2.1676241075599285,1,Mr,1,adult,2.1676241075599285,low,0,Unknown,NONE,0,male_3,85.5
1,1,female,,1,0,C,2,1,Mrs,4.993969182787072,0,Mrs,1,adult,2.496984591393536,very_high,1,B,PC,1,female_1,28.5
0,1,male,40.0,0,0,S,1,1,Mr,0.0,1,Mr,0,middle_age,0.0,low,1,B,NONE,0,male_1,40.0
0,3,male,31.0,0,0,S,1,0,Mr,2.1719067693519296,1,Mr,0,adult,2.1719067693519296,low,0,Unknown,NONE,0,male_3,93.0
0,3,female,8.0,3,1,S,5,0,Miss,3.0944457464900235,0,Miss,0,child,0.6188891492980046,high,0,Unknown,NONE,0,female_3,24.0
1,3,male,26.0,0,0,C,1,0,Mr,2.9850504252071306,1,Mr,0,adult,2.9850504252071306,high,0,Unknown,NONE,0,male_3,78.0
0,2,male,24.0,2,0,S,3,0,Mr,4.310799125385514,0,Mr,0,adult,1.4369330417951713,very_high,0,Unknown,S.O.C.,1,male_2,48.0
0,3,male,22.0,0,0,C,1,0,Mr,2.1076888046179385,1,Mr,0,adult,2.1076888046179385,low,0,Unknown,NONE,0,male_3,66.0
1,2,female,4.0,1,1,S,3,0,Miss,3.1780538303479458,0,Miss,0,child,1.0593512767826485,high,0,Unknown,NONE,0,female_2,8.0
1,1,male,45.0,0,0,S,1,0,Mr,3.3160025355989236,1,Mr,0,middle_age,3.3160025355989236,high,0,Unknown,NONE,0,male_1,45.0
1,1,female,42.0,0,0,C,1,0,Miss,5.4316456135398825,1,Miss,0,middle_age,5.4316456135398825,very_high,0,Unknown,PC,1,female_1,42.0
1,1,male,32.0,0,0,C,1,1,Dr,3.449987545831587,1,Rare,0,adult,3.449987545831587,high,1,B,NONE,0,male_1,32.0
0,3,male,51.0,0,0,S,1,0,Mr,2.2027647577118348,1,Mr,0,middle_age,2.2027647577118348,medium,0,Unknown,NONE,0,male_3,153.0
0,3,female,14.5,1,0,C,2,0,Miss,2.737880811060884,0,Miss,0,teen,1.368940405530442,medium,0,Unknown,NONE,0,female_3,43.5
0,3,male,,0,0,S,1,0,Mr,2.0856720914304723,1,Mr,1,adult,2.0856720914304723,low,0,Unknown,SOTON/O.Q.,1,male_3,85.5
0,3,male,27.0,1,0,C,2,0,Mr,2.737880811060884,0,Mr,0,adult,1.368940405530442,medium,0,Unknown,NONE,0,male_3,81.0
0,1,male,,0,0,S,1,1,Mr,3.3160025355989236,1,Mr,1,adult,3.3160025355989236,high,1,C,NONE,0,male_1,28.5
0,3,male,8.0,4,1,Q,6,0,Master,3.405355391810819,0,Master,0,child,0.5675592319684698,high,0,Unknown,NONE,0,male_3,24.0
0,2,male,42.0,1,0,S,2,0,Mr,3.332204510175204,0,Mr,0,middle_age,1.666102255087602,high,0,Unknown,NONE,0,male_2,84.0
1,1,female,40.0,1,1,C,3,1,Mrs,4.908971640319756,0,Mrs,0,middle_age,1.6363238801065851,very_high,1,E,NONE,0,female_1,40.0
1,3,female,5.0,4,2,S,7,0,Miss,3.4777725458882283,0,Miss,0,child,0.496824649412604,very_high,0,Unknown,NONE,0,female_3,15.0
0,3,male,30.0,0,0,S,1,0,Mr,2.1855792552411137,1,Mr,0,adult,2.1855792552411137,low,0,Unknown,NONE,0,male_3,90.0
1,3,female,,0,0,Q,1,0,Miss,2.169053700369523,1,Miss,1,adult,2.169053700369523,low,0,Unknown,NONE,0,female_3,85.5
0,3,male,4.0,4,1,Q,6,0,Master,3.405355391810819,0,Master,0,child,0.5675592319684698,high,0,Unknown,NONE,0,male_3,12.0
1,2,male,0.83,1,1,S,3,0,Master,2.9831534913471307,0,Master,0,child,0.9943844971157102,high,0,Unknown,NONE,0,male_2,1.66
1,2,female,28.0,1,0,S,2,0,Mrs,3.295836866004329,0,Mrs,0,adult,1.6479184330021646,high,0,Unknown,NONE,0,female_2,56.0
0,3,male,20.0,0,0,C,1,0,Mr,1.6119347926326877,1,Mr,0,adult,1.6119347926326877,low,0,Unknown,NONE,0,male_3,60.0
0,3,male,,0,0,C,1,0,Mr,2.1071782966514356,1,Mr,1,adult,2.1071782966514356,low,0,Unknown,NONE,0,male_3,85.5
0,1,male,,0,0,C,1,0,Mr,3.4561841799918147,1,Mr,1,adult,3.4561841799918147,high,0,Unknown,PC,1,male_1,28.5
0,3,male,17.0,0,0,S,1,0,Mr,2.2682524139135403,1,Mr,0,teen,2.2682524139135403,medium,0,Unknown,NONE,0,male_3,51.0
0,3,male,,0,0,C,1,0,Mr,2.2734137156937657,1,Mr,1,adult,2.2734137156937657,medium,0,Unknown,NONE,0,male_3,85.5
0,3,male,29.0,0,0,S,1,0,Mr,2.1719067693519296,1,Mr,0,adult,2.1719067693519296,low,0,Unknown,NONE,0,male_3,87.0
0,3,male,35.0,0,0,S,1,0,Mr,2.094945728215801,1,Mr,0,adult,2.094945728215801,low,0,Unknown,STON/O,1,male_3,105.0
0,3,female,6.0,4,2,S,7,0,Miss,3.4742929367327062,0,Miss,0,child,0.4963275623903866,very_high,0,Unknown,NONE,0,female_3,18.0
1,3,female,19.0,0,0,Q,1,0,Miss,2.1837114628556327,1,Miss,0,adult,2.1837114628556327,low,0,Unknown,NONE,0,female_3,57.0
0,3,male,21.0,0,0,S,1,0,Mr,2.180891922715322,1,Mr,0,adult,2.180891922715322,low,0,Unknown,NONE,0,male_3,63.0
0,3,male,20.0,0,0,S,1,0,Mr,2.3837779082709782,1,Mr,0,adult,2.3837779082709782,medium,0,Unknown,NONE,0,male_3,60.0
1,2,female,7.0,0,2,S,3,0,Miss,3.305053521109253,0,Miss,0,child,1.1016845070364176,high,0,Unknown,F.C.C.,1,female_2,14.0
1,3,male,39.0,0,0,S,1,0,Mr,2.188856327665703,1,Mr,0,middle_age,2.188856327665703,medium,0,Unknown,STON/O,1,male_3,117.0
0,3,male,26.0,1,0,C,2,0,Mr,2.737880811060884,0,Mr,0,adult,1.368940405530442,medium,0,Unknown,NONE,0,male_3,78.0
0,3,female,45.0,0,1,C,2,0,Mrs,2.737880811060884,0,Mrs,0,middle_age,1.368940405530442,medium,0,Unknown,NONE,0,female_3,135.0
0,3,male,33.0,1,1,S,3,0,Mr,3.0692150503137943,0,Mr,0,adult,1.0230716834379314,high,0,Unknown,NONE,0,male_3,99.0
1,2,male,2.0,1,1,S,3,1,Master,3.295836866004329,0,Master,0,child,1.0986122886681098,high,1,F,NONE,0,male_2,4.0
1,1,female,,1,0,C,2,1,Mrs,4.500966778400217,0,Mrs,1,adult,2.2504833892001086,very_high,1,C,NONE,0,female_1,28.5
0,3,female,26.0,1,0,S,2,0,Mrs,2.8390784635086144,0,Mrs,0,adult,1.4195392317543072,high,0,Unknown,A/5.,1,female_3,78.0
1,3,male,32.0,0,0,S,1,0,Mr,4.05171190165724,1,Mr,0,adult,4.05171190165724,very_high,0,Unknown,NONE,0,male_3,96.0
1,1,female,35.0,0,0,S,1,1,Miss,4.91730069488021,1,Miss,0,adult,4.91730069488021,very_high,1,C,PC,1,female_1,35.0
0,3,female,28.0,1,1,S,3,0,Mrs,2.7343675094195836,0,Mrs,0,adult,0.9114558364731945,medium,0,Unknown,NONE,0,female_3,84.0
0,3,male,39.0,1,5,S,7,0,Mr,3.4742929367327062,0,Mr,0,middle_age,0.4963275623903866,very_high,0,Unknown,NONE,0,male_3,117.0
0,3,male,28.0,0,0,S,1,0,Mr,2.3513752571634776,1,Mr,0,adult,2.3513752571634776,medium,0,Unknown,NONE,0,male_3,84.0
0,1,male,37.0,0,1,C,2,1,Mr,3.4242626545931514,0,Mr,0,middle_age,1.7121313272965757,high,1,C,PC,1,male_1,37.0
0,3,male,,0,0,S,1,0,Mr,2.1102132003465894,1,Mr,1,adult,2.1102132003465894,low,0,Unknown,A/4.,1,male_3,85.5
0,3,male,4.0,4,2,S,7,0,Master,3.4742929367327062,0,Master,0,child,0.4963275623903866,very_high,0,Unknown,NONE,0,male_3,12.0
1,1,male,23.0,0,1,C,2,2,Mr,4.164465907853638,0,Mr,0,adult,2.082232953926819,very_high,1,D,PC,1,male_1,23.0
0,3,male,38.0,0,0,S,1,0,Mr,2.0856720914304723,1,Mr,0,middle_age,2.0856720914304723,low,0,Unknown,SOTON/O.Q.,1,male_3,114.0
0,3,male,25.0,0,0,S,1,0,Mr,2.0856720914304723,1,Mr,0,adult,2.0856720914304723,low,0,Unknown,SOTON/O.Q.,1,male_3,75.0
1,2,female,29.0,0,0,S,1,1,Mrs,2.4423470353692043,1,Mrs,0,adult,2.4423470353692043,medium,1,F,C.A.,1,female_2,58.0
0,1,male,54.0,0,0,S,1,1,Mr,3.967694202798607,1,Mr,0,middle_age,3.967694202798607,very_high,1,E,NONE,0,male_1,54.0
1,2,female,24.0,0,2,S,3,0,Mrs,2.740840023925201,0,Mrs,0,adult,0.9136133413084003,high,0,Unknown,NONE,0,female_2,48.0
0,3,male,28.0,0,0,S,1,0,Mr,2.1855792552411137,1,Mr,0,adult,2.1855792552411137,low,0,Unknown,NONE,0,male_3,84.0
1,3,female,,0,2,C,3,0,Mrs,3.1509523813392697,0,Mrs,1,adult,1.0503174604464232,high,0,Unknown,NONE,0,female_3,85.5
0,3,female,14.0,0,0,S,1,0,Miss,2.180891922715322,1,Miss,0,teen,2.180891922715322,low,0,Unknown,NONE,0,female_3,42.0
1,2,female,41.0,0,1,S,2,0,Mrs,3.0204248861443626,0,Mrs,0,middle_age,1.5102124430721813,high,0,Unknown,NONE,0,female_2,82.0
0,3,male,,0,0,S,1,0,Mr,2.740840023925201,1,Mr,1,adult,2.740840023925201,high,0,Unknown,NONE,0,male_3,85.5
1,2,female,50.0,0,0,S,1,0,Miss,2.4423470353692043,1,Miss,0,middle_age,2.4423470353692043,medium,0,Unknown,W./C.,1,female_2,100.0
0,3,male,,0,0,C,1,0,Mr,2.1076888046179385,1,Mr,1,adult,2.1076888046179385,low,0,Unknown,NONE,0,male_3,85.5
0,3,male,21.0,0,0,S,1,0,Mr,2.1719067693519296,1,Mr,0,adult,2.1719067693519296,low,0,Unknown,NONE,0,male_3,63.0
1,1,female,22.0,0,2,C,3,1,Miss,3.9219733362813143,0,Miss,0,adult,1.3073244454271047,very_high,1,B,NONE,0,female_1,22.0
0,3,male,24.0,0,0,S,1,0,Mr,2.139571923732859,1,Mr,0,adult,2.139571923732859,low,0,Unknown,NONE,0,male_3,72.0
1,2,female,21.0,0,0,S,1,0,Miss,2.4423470353692043,1,Miss,0,adult,2.4423470353692043,medium,0,Unknown,C.A.,1,female_2,42.0
0,3,male,51.0,0,0,S,1,0,Mr,2.086193694502369,1,Mr,0,middle_age,2.086193694502369,low,0,Unknown,NONE,0,male_3,153.0
1,2,female,24.0,2,1,S,4,0,Mrs,3.332204510175204,0,Mrs,0,adult,0.833051127543801,high,0,Unknown,NONE,0,female_2,48.0
0,2,male,19.0,0,0,S,1,0,Mr,2.6390573296152584,1,Mr,0,adult,2.6390573296152584,medium,0,Unknown,NONE,0,male_2,38.0
0,3,male,22.0,0,0,S,1,0,Mr,2.2027647577118348,1,Mr,0,adult,2.2027647577118348,medium,0,Unknown,NONE,0,male_3,66.0
0,1,male,61.0,0,0,S,1,1,Mr,3.5409593240373143,1,Mr,0,senior,3.5409593240373143,very_high,1,B,NONE,0,male_1,61.0
0,3,male,,0,0,S,1,0,Mr,2.2027647577118348,1,Mr,1,adult,2.2027647577118348,medium,0,Unknown,A/S,1,male_3,85.5
0,3,male,19.0,0,0,S,1,0,Mr,2.4133032309283076,1,Mr,0,adult,2.4133032309283076,medium,0,Unknown,NONE,0,male_3,57.0
0,3,male,,0,0,S,1,0,Mr,2.2027647577118348,1,Mr,1,adult,2.2027647577118348,medium,0,Unknown,NONE,0,male_3,85.5
1,3,female,22.0,0,0,Q,1,0,Miss,2.169053700369523,1,Miss,0,adult,2.169053700369523,low,0,Unknown,NONE,0,female_3,66.0
0,3,male,28.0,0,0,S,1,0,Mr,3.1580636854714434,1,Mr,0,adult,3.1580636854714434,high,0,Unknown,C,1,male_3,84.0
1,2,female,54.0,1,3,S,5,0,Mrs,3.1780538303479458,0,Mrs,0,middle_age,0.6356107660695891,high,0,Unknown,NONE,0,female_2,108.0
0,3,male,41.0,0,0,S,1,0,Mr,2.094945728215801,1,Mr,0,middle_age,2.094945728215801,low,0,Unknown,SOTON/O2,1,male_3,123.0
0,3,male,28.5,0,0,C,1,0,Mr,2.1076888046179385,1,Mr,0,adult,2.1076888046179385,low,0,Unknown,NONE,0,male_3,85.5
0,3,male,,0,0,C,1,0,Mr,2.1855792552411137,1,Mr,1,adult,2.1855792552411137,low,0,Unknown,NONE,0,male_3,85.5
0,2,male,21.0,1,0,S,2,0,Mr,2.5257286443082556,0,Mr,0,adult,1.2628643221541278,medium,0,Unknown,NONE,0,male_2,42.0
1,2,female,40.0,1,1,S,3,0,Mrs,3.6888794541139363,0,Mrs,0,middle_age,1.2296264847046454,very_high,0,Unknown,NONE,0,female_2,80.0
0,2,male,36.0,0,0,S,1,0,Mr,2.4423470353692043,1,Mr,0,middle_age,2.4423470353692043,medium,0,Unknown,C.A.,1,male_2,72.0
1,2,female,29.0,1,0,S,2,0,Mrs,3.295836866004329,0,Mrs,0,adult,1.6479184330021646,high,0,Unknown,NONE,0,female_2,58.0
1,3,female,15.0,1,0,C,2,0,Mrs,2.737880811060884,0,Mrs,0,teen,1.368940405530442,medium,0,Unknown,NONE,0,female_3,45.0
0,3,male,40.5,0,0,Q,1,0,Mr,2.169053700369523,1,Mr,0,middle_age,2.169053700369523,low,0,Unknown,NONE,0,male_3,121.5
1,3,male,29.0,0,0,Q,1,0,Mr,2.169053700369523,1,Mr,0,adult,2.169053700369523,low,0,Unknown,NONE,0,male_3,87.0
1,2,female,33.0,0,2,S,3,0,Mrs,3.295836866004329,0,Mrs,0,adult,1.0986122886681098,high,0,Unknown,NONE,0,female_2,66.0
0,3,male,19.0,0,0,S,1,0,Mr,2.2027647577118348,1,Mr,0,adult,2.2027647577118348,medium,0,Unknown,NONE,0,male_3,57.0
0,2,male,35.0,0,0,S,1,0,Mr,2.4423470353692043,1,Mr,0,adult,2.4423470353692043,medium,0,Unknown,NONE,0,male_2,70.0
1,1,female,18.0,2,2,C,5,4,Miss,5.5735788721243535,0,Miss,0,teen,1.1147157744248708,very_high,1,B,PC,1,female_1,18.0
0,3,female,18.0,1,0,S,2,0,Mrs,2.9338568698359038,0,Mrs,0,teen,1.4669284349179519,high,0,Unknown,NONE,0,female_3,54.0
0,1,male,,0,0,S,1,0,Mr,3.770459441106359,1,Mr,1,adult,3.770459441106359,very_high,0,Unknown,NONE,0,male_1,28.5
0,3,male,,0,0,Q,1,0,Mr,2.167143305297764,1,Mr,1,adult,2.167143305297764,low,0,Unknown,NONE,0,male_3,85.5
0,3,male,,0,0,S,1,0,Mr,2.2027647577118348,1,Mr,1,adult,2.2027647577118348,medium,0,Unknown,A./5.,1,male_3,85.5
0,1,male,21.0,0,1,S,2,1,Mr,4.360387947851531,0,Mr,0,adult,2.1801939739257654,very_high,1,D,NONE,0,male_1,21.0
1,3,female,,0,0,Q,1,0,Miss,2.17806441028492,1,Miss,1,adult,2.17806441028492,low,0,Unknown,NONE,0,female_3,85.5
1,1,female,39.0,1,1,C,3,1,Mrs,4.717456363787216,0,Mrs,0,middle_age,1.5724854545957385,very_high,1,C,NONE,0,female_1,39.0
0,3,male,20.0,0,0,S,1,0,Mr,2.180891922715322,1,Mr,0,adult,2.180891922715322,low,0,Unknown,NONE,0,male_3,60.0
0,1,male,58.0,0,0,C,1,1,Mr,3.4242626545931514,1,Mr,0,middle_age,3.4242626545931514,high,1,B,NONE,0,male_1,58.0
1,1,male,49.0,1,0,C,2,1,Sir,4.0592215752427645,0,Rare,0,middle_age,2.0296107876213823,very_high,1,A,PC,1,male_1,49.0
1,3,female,5.0,2,1,C,4,0,Miss,3.0085645861193133,0,Miss,0,child,0.7521411465298283,high,0,Unknown,NONE,0,female_3,15.0
1,1,female,39.0,1,1,S,3,1,Mrs,4.390118804571218,0,Mrs,0,middle_age,1.4633729348570725,very_high,1,E,NONE,0,female_1,39.0
0,3,male,17.0,0,0,S,1,0,Mr,2.2682524139135403,1,Mr,0,teen,2.2682524139135403,medium,0,Unknown,NONE,0,male_3,51.0
0,1,male,65.0,0,1,C,2,1,Mr,4.142804513146981,0,Mr,0,senior,2.0714022565734904,very_high,1,B,NONE,0,male_1,65.0
1,1,female,,1,0,S,2,0,Mrs,4.902678819257608,0,Mrs,1,adult,2.451339409628804,very_high,0,Unknown,PC,1,female_1,28.5
1,1,female,,0,0,C,1,0,Miss,4.717456363787216,1,Miss,1,adult,4.717456363787216,very_high,0,Unknown,NONE,0,female_1,28.5
0,3,male,21.0,0,0,S,1,0,Mr,2.2027647577118348,1,Mr,0,adult,2.2027647577118348,medium,0,Unknown,A./5.,1,male_3,63.0
0,1,male,31.0,0,0,S,1,1,Mr,3.941500250945973,1,Mr,0,adult,3.941500250945973,very_high,1,A,PC,1,male_1,31.0
1,3,male,32.0,0,0,S,1,0,Mr,2.188856327665703,1,Mr,0,adult,2.188856327665703,medium,0,Unknown,STON/O,1,male_3,96.0
0,2,male,39.0,0,0,S,1,0,Mr,2.6390573296152584,1,Mr,0,middle_age,2.6390573296152584,medium,0,Unknown,NONE,0,male_2,78.0
0,3,male,20.0,0,0,S,1,0,Mr,2.2027647577118348,1,Mr,0,adult,2.2027647577118348,medium,0,Unknown,A/5.,1,male_3,60.0
1,2,male,34.0,0,0,S,1,1,Mr,2.6390573296152584,1,Mr,0,adult,2.6390573296152584,medium,1,D,NONE,0,male_2,68.0
0,1,male,47.0,0,0,S,1,1,Mr,3.2804411805263554,1,Mr,0,middle_age,3.2804411805263554,high,1,E,NONE,0,male_1,47.0
1,1,male,36.0,0,0,S,1,1,Mr,3.3064287218760624,1,Mr,0,middle_age,3.3064287218760624,high,1,E,PC,1,male_1,36.0
0,3,male,21.0,0,0,S,1,0,Mr,2.8390784635086144,1,Mr,0,adult,2.8390784635086144,high,0,Unknown,NONE,0,male_3,63.0
0,3,male,,0,0,S,1,0,Mr,2.2027647577118348,1,Mr,1,adult,2.2027647577118348,medium,0,Unknown,A/5,1,male_3,85.5
0,3,male,,0,0,S,1,0,Mr,2.1855792552411137,1,Mr,1,adult,2.1855792552411137,low,0,Unknown,NONE,0,male_3,85.5
0,3,female,30.0,0,0,S,1,0,Miss,2.2682524139135403,1,Miss,0,adult,2.2682524139135403,medium,0,Unknown,NONE,0,female_3,90.0
0,3,male,,0,0,S,1,0,Mr,2.1855792552411137,1,Mr,1,adult,2.1855792552411137,low,0,Unknown,NONE,0,male_3,85.5
0,3,male,,0,0,C,1,0,Mr,2.1071782966514356,1,Mr,1,adult,2.1071782966514356,low,0,Unknown,NONE,0,male_3,85.5
0,3,male,33.0,0,0,S,1,0,Mr,2.267393053825037,1,Mr,0,adult,2.267393053825037,medium,0,Unknown,NONE,0,male_3,99.0
1,1,female,30.0,0,0,C,1,1,Miss,4.0592215752427645,1,Miss,0,adult,4.0592215752427645,very_high,1,E,PC,1,female_1,30.0
1,2,male,1.0,2,1,S,4,1,Master,3.6888794541139363,0,Master,0,child,0.9222198635284841,very_high,1,F,NONE,0,male_2,2.0
0,3,female,20.0,0,0,S,1,0,Miss,2.2682524139135403,1,Miss,0,adult,2.2682524139135403,medium,0,Unknown,NONE,0,female_3,60.0
1,2,female,34.0,1,1,S,3,0,Mrs,3.5115454388310208,0,Mrs,0,adult,1.170515146277007,very_high,0,Unknown,NONE,0,female_2,68.0
0,1,male,45.0,0,0,S,1,1,Mr,3.597312260588446,1,Mr,0,middle_age,3.597312260588446,very_high,1,T,NONE,0,male_1,45.0
1,2,female,36.0,0,0,S,1,1,Mrs,2.6390573296152584,1,Mrs,0,middle_age,2.6390573296152584,medium,1,D,NONE,0,female_2,72.0
0,3,male,39.0,0,0,S,1,0,Mr,2.188856327665703,1,Mr,0,middle_age,2.188856327665703,medium,0,Unknown,NONE,0,male_3,117.0
1,3,male,20.0,1,1,C,3,0,Mr,2.817902613071225,0,Mr,0,adult,0.9393008710237417,high,0,Unknown,NONE,0,male_3,60.0
0,3,male,34.5,0,0,C,1,0,Mr,2.006534770871748,1,Mr,0,adult,2.006534770871748,low,0,Unknown,NONE,0,male_3,103.5
0,3,male,28.0,0,0,S,1,0,Mr,2.3513752571634776,1,Mr,0,adult,2.3513752571634776,medium,0,Unknown,NONE,0,male_3,84.0
1,3,male,,2,0,Q,3,0,Mr,3.188416617383492,0,Mr,1,adult,1.0628055391278306,high,0,Unknown,NONE,0,male_3,85.5
0,3,male,,0,0,S,1,0,Mr,2.2027647577118348,1,Mr,1,adult,2.2027647577118348,medium,0,Unknown,A/5,1,male_3,85.5
0,3,female,10.0,0,2,S,3,0,Miss,3.224857896545748,0,Miss,0,child,1.074952632181916,high,0,Unknown,NONE,0,female_3,30.0
0,3,female,9.0,1,1,C,3,0,Miss,2.7878344138303452,0,Miss,0,child,0.9292781379434484,high,0,Unknown,NONE,0,female_3,27.0
0,3,male,,0,0,S,1,0,Mr,2.1855792552411137,1,Mr,1,adult,2.1855792552411137,low,0,Unknown,NONE,0,male_3,85.5
0,3,male,20.5,0,0,S,1,0,Mr,2.1102132003465894,1,Mr,0,adult,2.1102132003465894,low,0,Unknown,A/5,1,male_3,61.5
1,1,female,,1,0,S,2,1,Mrs,3.970291913552122,0,Mrs,1,adult,1.985145956776061,very_high,1,C,NONE,0,female_1,28.5
1,1,female,36.0,0,0,C,1,1,Miss,4.91730069488021,1,Miss,0,middle_age,4.91730069488021,very_high,1,C,PC,1,female_1,36.0
0,3,male,,0,0,S,1,0,Mr,2.2027647577118348,1,Mr,1,adult,2.2027647577118348,medium,0,Unknown,NONE,0,male_3,85.5
0,3,male,,0,0,S,1,0,Mr,2.145931282948669,1,Mr,1,adult,2.145931282948669,low,0,Unknown,S.O./P.P.,1,male_3,85.5
0,3,male,20.0,0,0,S,1,0,Mr,2.2682524139135403,1,Mr,0,adult,2.2682524139135403,medium,0,Unknown,NONE,0,male_3,60.0
0,3,female,22.0,0,0,S,1,0,Miss,2.4437981558973862,1,Miss,0,adult,2.4437981558973862,medium,0,Unknown,NONE,0,female_3,66.0
0,2,male,39.0,0,0,S,1,0,Mr,2.6390573296152584,1,Mr,0,middle_age,2.6390573296152584,medium,0,Unknown,NONE,0,male_2,78.0
0,3,female,37.0,0,0,S,1,0,Miss,2.3596740599781727,1,Miss,0,middle_age,2.3596740599781727,medium,0,Unknown,NONE,0,female_3,111.0
1,2,female,48.0,1,2,S,4,0,Mrs,4.189654742026425,0,Mrs,0,middle_age,1.0474136855066063,very_high,0,Unknown,NONE,0,female_2,96.0
0,2,male,23.0,0,0,S,1,0,Mr,2.6390573296152584,1,Mr,0,adult,2.6390573296152584,medium,0,Unknown,NONE,0,male_2,46.0
1,3,female,,0,0,Q,1,0,Miss,2.1676241075599285,1,Miss,1,adult,2.1676241075599285,low,0,Unknown,NONE,0,female_3,85.5
0,2,male,70.0,0,0,S,1,0,Mr,2.4423470353692043,1,Mr,0,senior,2.4423470353692043,medium,0,Unknown,C.A.,1,male_2,140.0
0,3,female,32.0,1,1,Q,3,0,Mrs,2.803360380906535,0,Mrs,0,adult,0.9344534603021782,high,0,Unknown,NONE,0,female_3,96.0
0,3,male,16.0,1,1,S,3,0,Mr,3.056356895370426,0,Mr,0,teen,1.018785631790142,high,0,Unknown,C.A.,1,male_3,48.0
0,2,male,21.0,0,0,S,1,0,Mr,4.310799125385514,1,Mr,0,adult,4.310799125385514,very_high,0,Unknown,S.O.C.,1,male_2,42.0
0,3,male,,0,0,S,1,0,Mr,2.1102132003465894,1,Mr,1,adult,2.1102132003465894,low,0,Unknown,NONE,0,male_3,85.5
0,2,male,42.0,0,0,S,1,0,Rev,2.6390573296152584,1,Rare,0,middle_age,2.6390573296152584,medium,0,Unknown,NONE,0,male_2,84.0
0,3,male,24.0,0,0,S,1,0,Mr,2.174274334826008,1,Mr,0,adult,2.174274334826008,low,0,Unknown,NONE,0,male_3,72.0
1,3,female,22.0,0,0,S,1,0,Miss,2.169053700369523,1,Miss,0,adult,2.169053700369523,low,0,Unknown,NONE,0,female_3,66.0
0,3,male,40.0,0,0,C,1,0,Mr,2.1071782966514356,1,Mr,0,middle_age,2.1071782966514356,low,0,Unknown,NONE,0,male_3,120.0
1,1,male,0.92,1,2,S,4,2,Master,5.027492411162679,0,Master,0,child,1.2568731027906697,very_high,1,C,NONE,0,male_1,0.92
0,3,male,33.0,0,0,C,1,0,Mr,2.2682524139135403,1,Mr,0,adult,2.2682524139135403,medium,0,Unknown,NONE,0,male_3,99.0
0,3,male,18.0,0,0,S,1,0,Mr,2.1719067693519296,1,Mr,0,teen,2.1719067693519296,low,0,Unknown,NONE,0,male_3,54.0
0,3,male,28.0,0,0,S,1,0,Mr,4.05171190165724,1,Mr,0,adult,4.05171190165724,very_high,0,Unknown,NONE,0,male_3,84.0
0,2,male,37.0,1,0,S,2,0,Mr,3.295836866004329,0,Mr,0,middle_age,1.6479184330021646,high,0,Unknown,SC/AH,1,male_2,74.0
1,3,female,5.0,0,0,S,1,0,Miss,2.600836116795061,1,Miss,0,child,2.600836116795061,medium,0,Unknown,NONE,0,female_3,15.0
1,3,female,13.0,0,0,C,1,0,Miss,2.1076888046179385,1,Miss,0,teen,2.1076888046179385,low,0,Unknown,NONE,0,female_3,39.0
0,2,male,27.0,0,0,S,1,0,Mr,3.295836866004329,1,Mr,0,adult,3.295836866004329,high,0,Unknown,NONE,0,male_2,54.0
0,2,female,38.0,0,0,S,1,0,Miss,2.6390573296152584,1,Miss,0,middle_age,2.6390573296152584,medium,0,Unknown,NONE,0,female_2,76.0
0,3,male,42.0,0,0,S,1,0,Mr,2.145931282948669,1,Mr,0,middle_age,2.145931282948669,low,0,Unknown,C.A.,1,male_3,126.0
1,3,male,3.0,1,1,S,3,0,Master,2.8273136219290276,0,Master,0,child,0.9424378739763425,high,0,Unknown,C.A.,1,male_3,9.0
1,2,female,28.0,0,0,S,1,0,Mrs,2.613739521630969,1,Mrs,0,adult,2.613739521630969,medium,0,Unknown,NONE,0,female_2,56.0
1,1,female,50.0,0,1,C,2,2,Mrs,5.515526544247129,0,Mrs,0,middle_age,2.7577632721235643,very_high,1,B,PC,1,female_1,50.0
1,1,male,51.0,0,0,S,1,1,Mr,3.3160025355989236,1,Mr,0,middle_age,3.3160025355989236,high,1,E,NONE,0,male_1,51.0
0,3,male,,0,0,C,1,0,Mr,2.1076888046179385,1,Mr,1,adult,2.1076888046179385,low,0,Unknown,NONE,0,male_3,85.5
1,1,female,26.0,0,0,S,1,0,Miss,4.380149874661021,1,Miss,0,adult,4.380149874661021,very_high,0,Unknown,NONE,0,female_1,26.0
0,3,male,,0,0,S,1,0,Mr,2.1855792552411137,1,Mr,1,adult,2.1855792552411137,low,0,Unknown,NONE,0,male_3,85.5
1,1,female,24.0,0,0,C,1,1,Mlle,3.922056501139853,1,Miss,0,adult,3.922056501139853,very_high,1,C,PC,1,female_1,24.0
1,1,male,42.0,1,0,S,2,1,Mr,3.9806942251907276,0,Mr,0,middle_age,1.9903471125953638,very_high,1,D,NONE,0,male_1,42.0
1,1,male,42.0,0,0,S,1,1,Mr,3.3064287218760624,1,Mr,0,middle_age,3.3064287218760624,high,1,E,PC,1,male_1,42.0
0,3,male,,0,0,S,1,0,Mr,2.1855792552411137,1,Mr,1,adult,2.1855792552411137,low,0,Unknown,NONE,0,male_3,85.5
0,2,male,36.0,1,2,S,4,0,Mr,3.3586377672433594,0,Mr,0,middle_age,0.8396594418108398,high,0,Unknown,C.A.,1,male_2,72.0
1,1,female,19.0,0,2,S,3,1,Miss,3.3062747934011893,0,Miss,0,adult,1.1020915978003964,high,1,D,NONE,0,female_1,19.0
0,3,female,,8,2,S,11,0,Miss,4.256321678298823,0,Miss,1,adult,0.3869383343908021,very_high,0,Unknown,CA.,1,female_3,85.5
0,1,male,65.0,0,0,S,1,1,Mr,3.3160025355989236,1,Mr,0,senior,3.3160025355989236,high,1,E,NONE,0,male_1,65.0
1,3,female,15.0,0,0,Q,1,0,Miss,2.2004637699272855,1,Miss,0,teen,2.2004637699272855,medium,0,Unknown,NONE,0,female_3,45.0
1,3,female,,0,0,C,1,0,Mrs,2.1071782966514356,1,Mrs,1,adult,2.1071782966514356,low,0,Unknown,NONE,0,female_3,85.5
0,1,male,46.0,0,0,C,1,2,Mr,4.384523514872469,1,Mr,0,middle_age,4.384523514872469,very_high,1,B,PC,1,male_1,46.0
0,1,male,28.0,0,0,S,1,0,Mr,3.8732821771117156,1,Mr,0,adult,3.8732821771117156,very_high,0,Unknown,NONE,0,male_1,28.0
1,2,female,50.0,0,1,S,2,0,Mrs,3.295836866004329,0,Mrs,0,middle_age,1.6479184330021646,high,0,Unknown,NONE,0,female_2,100.0
1,1,female,19.0,1,0,C,2,1,Mrs,4.5226490762785785,0,Mrs,0,adult,2.2613245381392892,very_high,1,B,NONE,0,female_1,19.0
1,3,female,,1,0,Q,2,0,Miss,3.224857896545748,0,Miss,1,adult,1.612428948272874,high,0,Unknown,NONE,0,female_3,85.5
1,1,male,25.0,1,0,C,2,1,Mr,4.0332082470129285,0,Mr,0,adult,2.0166041235064642,very_high,1,E,NONE,0,male_1,25.0
1,1,male,27.0,1,0,S,2,1,Mr,3.9908341858524357,0,Mr,0,adult,1.9954170929262178,very_high,1,E,NONE,0,male_1,27.0
1,1,female,35.0,1,0,S,2,1,Mrs,4.51085950651685,0,Mrs,0,adult,2.255429753258425,very_high,1,C,NONE,0,female_1,35.0
0,3,male,,0,0,S,1,0,Mr,2.7788192719904172,1,Mr,1,adult,2.7788192719904172,high,0,Unknown,C.A.,1,male_3,85.5
0,3,male,42.0,0,0,S,1,2,Mr,2.157559320943788,1,Mr,0,middle_age,2.157559320943788,low,1,F,NONE,0,male_3,126.0
0,3,male,,0,0,C,1,0,Mr,2.1855792552411137,1,Mr,1,adult,2.1855792552411137,low,0,Unknown,NONE,0,male_3,85.5
1,1,female,,1,0,S,2,1,Mrs,3.967694202798607,0,Mrs,1,adult,1.9838471013993035,very_high,1,D,NONE,0,female_1,28.5
0,3,male,24.0,0,0,S,1,0,Mr,2.0856720914304723,1,Mr,0,adult,2.0856720914304723,low,0,Unknown,SOTON/O.Q.,1,male_3,72.0
1,3,male,24.0,0,0,S,1,0,Mr,2.0969990034181696,1,Mr,0,adult,2.0969990034181696,low,0,Unknown,C,1,male_3,72.0
1,2,female,4.0,2,1,S,4,1,Miss,3.6888794541139363,0,Miss,0,child,0.9222198635284841,very_high,1,F,NONE,0,female_2,8.0
1,2,female,28.0,0,0,S,1,0,Ms,2.6390573296152584,1,Miss,0,adult,2.6390573296152584,medium,0,Unknown,NONE,0,female_2,56.0
0,2,male,18.0,0,0,S,1,0,Mr,4.310799125385514,1,Mr,0,teen,4.310799125385514,very_high,0,Unknown,S.O.C.,1,male_2,36.0
1,3,female,27.0,0,2,S,3,0,Mrs,2.495953738718064,0,Mrs,0,adult,0.831984579572688,medium,0,Unknown,NONE,0,female_3,81.0
0,1,male,,0,0,C,1,0,Dr,3.703768066607687,1,Rare,1,adult,3.703768066607687,very_high,0,Unknown,NONE,0,male_1,28.5
0,3,male,14.0,5,2,S,8,0,Mr,3.8691155044168695,0,Mr,0,teen,0.4836394380521087,very_high,0,Unknown,CA,1,male_3,42.0
1,2,female,28.0,1,0,C,2,0,Mrs,3.2188758248682006,0,Mrs,0,adult,1.6094379124341003,high,0,Unknown,P/PP,1,female_2,56.0
0,3,male,22.0,0,0,S,1,0,Mr,2.336986519711378,1,Mr,0,adult,2.336986519711378,medium,0,Unknown,PP,1,male_3,66.0
1,1,male,37.0,1,1,S,3,1,Mr,3.9806942251907276,0,Mr,0,middle_age,1.326898075063576,very_high,1,D,NONE,0,male_1,37.0
0,3,male,47.0,0,0,S,1,0,Mr,2.1102132003465894,1,Mr,0,middle_age,2.1102132003465894,low,0,Unknown,A/5,1,male_3,141.0
0,3,male,,0,0,S,1,0,Mr,2.740840023925201,1,Mr,1,adult,2.740840023925201,high,0,Unknown,NONE,0,male_3,85.5
0,2,male,28.0,0,0,S,1,0,Mr,2.6390573296152584,1,Mr,0,adult,2.6390573296152584,medium,0,Unknown,NONE,0,male_2,56.0
0,3,male,36.0,1,1,S,3,0,Mr,3.224857896545748,0,Mr,0,middle_age,1.074952632181916,high,0,Unknown,NONE,0,male_3,108.0
1,3,male,20.0,0,0,C,1,0,Mr,2.1076888046179385,1,Mr,0,adult,2.1076888046179385,low,0,Unknown,NONE,0,male_3,60.0
1,2,female,55.0,0,0,S,1,0,Mrs,2.833213344056216,1,Mrs,0,middle_age,2.833213344056216,high,0,Unknown,NONE,0,female_2,110.0
0,3,female,,3,1,S,5,0,Miss,3.275887339030031,0,Miss,1,adult,0.6551774678060063,high,0,Unknown,NONE,0,female_3,85.5
0,3,male,22.0,0,0,S,1,0,Mr,2.094945728215801,1,Mr,0,adult,2.094945728215801,low,0,Unknown,STON/O,1,male_3,66.0
0,2,female,57.0,0,0,S,1,1,Mrs,2.4423470353692043,1,Mrs,0,middle_age,2.4423470353692043,medium,1,E,S.O./P.P.,1,female_2,114.0
0,3,male,29.0,1,0,S,2,0,Mr,2.0851502161468174,0,Mr,0,adult,1.0425751080734087,low,0,Unknown,NONE,0,male_3,87.0
0,3,male,26.0,2,0,S,3,0,Mr,2.2682524139135403,0,Mr,0,adult,0.7560841379711801,medium,0,Unknown,NONE,0,male_3,78.0
0,3,male,,0,0,S,1,0,Mr,2.2027647577118348,1,Mr,1,adult,2.2027647577118348,medium,0,Unknown,SOTON/OQ,1,male_3,85.5
1,1,female,39.0,1,0,S,2,1,Mrs,4.041295341132285,0,Mrs,0,middle_age,2.0206476705661425,very_high,1,E,NONE,0,female_1,39.0
0,3,male,32.0,0,0,S,1,0,Mr,2.1855792552411137,1,Mr,0,adult,2.1855792552411137,low,0,Unknown,NONE,0,male_3,96.0
1,3,female,30.0,0,0,S,1,0,Miss,2.600836116795061,1,Miss,0,adult,2.600836116795061,medium,0,Unknown,NONE,0,female_3,90.0
0,3,male,,0,0,S,1,0,Mr,2.1855792552411137,1,Mr,1,adult,2.1855792552411137,low,0,Unknown,NONE,0,male_3,85.5
1,3,female,18.0,0,0,S,1,0,Miss,2.139571923732859,1,Miss,0,teen,2.139571923732859,low,0,Unknown,NONE,0,female_3,54.0
1,2,female,24.0,1,2,S,4,0,Miss,4.189654742026425,0,Miss,0,adult,1.0474136855066063,very_high,0,Unknown,NONE,0,female_2,48.0
1,3,female,4.0,1,1,S,3,1,Miss,2.8735646395797834,0,Miss,0,child,0.9578548798599278,high,1,G,PP,1,female_3,12.0
1,3,female,22.0,0,0,S,1,0,Miss,2.1102132003465894,1,Miss,0,adult,2.1102132003465894,low,0,Unknown,C,1,female_3,66.0
1,3,female,,0,0,Q,1,0,Miss,2.1837114628556327,1,Miss,1,adult,2.1837114628556327,low,0,Unknown,NONE,0,female_3,85.5
0,2,male,23.0,0,0,S,1,0,Dr,2.4423470353692043,1,Rare,0,adult,2.4423470353692043,medium,0,Unknown,NONE,0,male_2,46.0
0,3,male,18.0,0,0,S,1,0,Mr,2.174274334826008,1,Mr,0,teen,2.174274334826008,low,0,Unknown,NONE,0,male_3,54.0
0,1,male,,0,0,S,1,0,Mr,3.4657359027997265,1,Mr,1,adult,3.4657359027997265,high,0,Unknown,NONE,0,male_1,28.5
0,3,male,33.0,0,0,S,1,0,Mr,2.1855792552411137,1,Mr,0,adult,2.1855792552411137,low,0,Unknown,NONE,0,male_3,99.0
1,2,female,8.0,0,2,S,3,0,Miss,3.305053521109253,0,Miss,0,child,1.1016845070364176,high,0,Unknown,C.A.,1,female_2,16.0
0,3,male,22.0,1,0,S,2,0,Mr,2.1102132003465894,0,Mr,0,adult,1.0551066001732947,low,0,Unknown,A/5,1,male_3,66.0
1,1,male,36.0,0,0,S,1,1,Mr,3.3100867049215847,1,Mr,0,middle_age,3.3100867049215847,high,1,E,PC,1,male_1,36.0
0,2,male,25.0,0,0,S,1,0,Mr,2.6390573296152584,1,Mr,0,adult,2.6390573296152584,medium,0,Unknown,NONE,0,male_2,50.0
1,3,male,19.0,0,0,S,1,0,Mr,2.2027647577118348,1,Mr,0,adult,2.2027647577118348,medium,0,Unknown,A/5.,1,male_3,57.0
0,3,female,,1,2,S,4,0,Miss,3.196630215920881,0,Miss,1,adult,0.7991575539802203,high,0,Unknown,W./C.,1,female_3,85.5
1,1,male,36.0,1,2,S,4,2,Mr,4.795790545596741,0,Mr,0,middle_age,1.1989476363991853,very_high,1,B,NONE,0,male_1,36.0
0,2,male,23.0,2,1,S,4,0,Mr,2.5257286443082556,0,Mr,0,adult,0.6314321610770639,medium,0,Unknown,NONE,0,male_2,46.0
0,3,female,29.0,0,4,S,5,0,Mrs,3.0944457464900235,0,Mrs,0,adult,0.6188891492980046,high,0,Unknown,NONE,0,female_3,87.0
1,3,female,1.0,1,1,S,3,0,Miss,2.495953738718064,0,Miss,0,child,0.831984579572688,medium,0,Unknown,NONE,0,female_3,3.0
0,3,male,35.0,0,0,C,1,0,Mr,2.1855792552411137,1,Mr,0,adult,2.1855792552411137,low,0,Unknown,NONE,0,male_3,105.0
0,2,male,29.0,1,0,S,2,0,Mr,3.091042453358316,0,Mr,0,adult,1.545521226679158,high,0,Unknown,NONE,0,male_2,58.0
0,2,male,44.0,1,0,S,2,0,Mr,3.295836866004329,0,Mr,0,middle_age,1.6479184330021646,high,0,Unknown,NONE,0,male_2,88.0
0,1,male,36.0,1,0,S,2,1,Mr,4.380149874661021,0,Mr,0,middle_age,2.1900749373305106,very_high,1,C,NONE,0,male_1,36.0
0,3,male,,0,0,S,1,0,Mr,2.1855792552411137,1,Mr,1,adult,2.1855792552411137,low,0,Unknown,NONE,0,male_3,85.5
0,3,male,,0,0,Q,1,0,Mr,2.0731719286662407,1,Mr,1,adult,2.0731719286662407,low,0,Unknown,NONE,0,male_3,85.5
1,3,male,21.0,0,0,S,1,0,Mr,2.174274334826008,1,Mr,0,adult,2.174274334826008,low,0,Unknown,NONE,0,male_3,63.0
0,3,male,16.0,0,0,S,1,0,Mr,2.3513752571634776,1,Mr,0,teen,2.3513752571634776,medium,0,Unknown,NONE,0,male_3,48.0
1,2,female,6.0,0,1,S,2,0,Miss,3.5263605246161616,0,Miss,0,child,1.7631802623080808,very_high,0,Unknown,NONE,0,female_2,12.0
1,3,male,32.0,0,0,S,1,1,Mr,2.2027647577118348,1,Mr,0,adult,2.2027647577118348,medium,1,E,SOTON/O.Q.,1,male_3,96.0
0,1,male,38.0,0,0,S,1,0,Jonkheer,0.0,1,Rare,0,middle_age,0.0,low,0,Unknown,NONE,0,male_1,38.0
0,2,female,26.0,1,1,S,3,0,Mrs,3.295836866004329,0,Mrs,0,adult,1.0986122886681098,high,0,Unknown,NONE,0,female_2,52.0
1,1,female,54.0,1,0,C,2,1,Miss,4.37281811610993,0,Miss,0,middle_age,2.186409058054965,very_high,1,D,NONE,0,female_1,54.0
0,1,male,,0,0,S,1,1,Mr,3.9318256327243257,1,Mr,1,adult,3.9318256327243257,very_high,1,A,NONE,0,male_1,28.5
0,1,male,40.0,0,0,C,1,0,Don,3.357621598945279,1,Rare,0,middle_age,3.357621598945279,high,0,Unknown,PC,1,male_1,40.0
1,2,male,42.0,0,0,S,1,0,Mr,2.6390573296152584,1,Mr,0,middle_age,2.6390573296152584,medium,0,Unknown,NONE,0,male_2,84.0
0,3,male,28.0,0,0,S,1,0,Mr,2.180891922715322,1,Mr,0,adult,2.180891922715322,low,0,Unknown,NONE,0,male_3,84.0
1,1,female,35.0,1,0,S,2,1,Mrs,3.9908341858524357,0,Mrs,0,adult,1.9954170929262178,very_high,1,C,NONE,0,female_1,35.0
0,3,male,18.0,1,0,S,2,0,Mr,2.0143428636837015,0,Mr,0,teen,1.0071714318418508,low,0,Unknown,NONE,0,male_3,54.0
0,3,male,18.0,0,0,S,1,0,Mr,2.2300144001592104,1,Mr,0,teen,2.2300144001592104,medium,0,Unknown,NONE,0,male_3,54.0
0,3,male,9.0,4,2,S,7,0,Master,3.4777725458882283,0,Master,0,child,0.496824649412604,very_high,0,Unknown,NONE,0,male_3,27.0
0,3,male,36.0,0,0,S,1,0,Mr,2.1855792552411137,1,Mr,0,middle_age,2.1855792552411137,low,0,Unknown,NONE,0,male_3,108.0
0,3,female,2.0,3,2,S,6,0,Miss,3.3638415951183864,0,Miss,0,child,0.5606402658530644,high,0,Unknown,NONE,0,female_3,6.0
0,3,male,25.0,0,0,S,1,0,Mr,2.0856720914304723,1,Mr,0,adult,2.0856720914304723,low,0,Unknown,SOTON/OQ,1,male_3,75.0
0,2,male,54.0,0,0,S,1,0,Mr,3.295836866004329,1,Mr,0,middle_age,3.295836866004329,high,0,Unknown,NONE,0,male_2,108.0
0,3,female,9.0,2,2,S,5,0,Miss,3.5660053559634015,0,Miss,0,child,0.7132010711926803,very_high,0,Unknown,W./C.,1,female_3,27.0
1,1,male,80.0,0,0,S,1,1,Mr,3.4339872044851463,1,Mr,0,senior,3.4339872044851463,high,1,A,NONE,0,male_1,80.0
1,1,female,40.0,0,0,S,1,1,Miss,5.039951348430309,1,Miss,0,middle_age,5.039951348430309,very_high,1,C,PC,1,female_1,40.0
1,1,female,41.0,0,0,C,1,1,Miss,4.908971640319756,1,Miss,0,middle_age,4.908971640319756,very_high,1,E,NONE,0,female_1,41.0
1,2,female,24.0,1,0,S,2,0,Mrs,3.295836866004329,0,Mrs,0,adult,1.6479184330021646,high,0,Unknown,NONE,0,female_2,48.0
0,3,male,22.0,0,0,S,1,0,Mr,2.302585092994046,1,Mr,0,adult,2.302585092994046,medium,0,Unknown,NONE,0,male_3,66.0
1,1,female,17.0,1,0,S,2,1,Mrs,4.060443010546419,0,Mrs,0,teen,2.0302215052732095,very_high,1,B,NONE,0,female_1,17.0
0,3,female,45.0,1,4,S,6,0,Mrs,3.3638415951183864,0,Mrs,0,middle_age,0.5606402658530644,high,0,Unknown,NONE,0,female_3,135.0
0,3,male,20.0,0,0,S,1,0,Mr,2.0856720914304723,1,Mr,0,adult,2.0856720914304723,low,0,Unknown,SOTON/O.Q.,1,male_3,60.0
1,1,female,52.0,1,0,C,2,1,Mrs,4.37281811610993,0,Mrs,0,middle_age,2.186409058054965,very_high,1,D,NONE,0,female_1,52.0
0,3,male,35.0,0,0,S,1,0,Mr,2.0856720914304723,1,Mr,0,adult,2.0856720914304723,low,0,Unknown,SOTON/O.Q.,1,male_3,105.0
0,3,male,30.0,0,0,C,1,0,Mr,2.1076888046179385,1,Mr,0,adult,2.1076888046179385,low,0,Unknown,NONE,0,male_3,90.0
0,3,male,,2,0,C,3,0,Mr,3.1214482048688246,0,Mr,1,adult,1.0404827349562749,high,0,Unknown,NONE,0,male_3,85.5
1,1,male,38.0,1,0,S,2,1,Mr,4.51085950651685,0,Mr,0,middle_age,2.255429753258425,very_high,1,C,NONE,0,male_1,38.0
0,3,female,,1,0,C,2,0,Miss,2.737880811060884,0,Miss,1,adult,1.368940405530442,medium,0,Unknown,NONE,0,female_3,85.5
0,1,male,39.0,0,0,S,1,1,Mr,0.0,1,Mr,0,middle_age,0.0,low,1,A,NONE,0,male_1,39.0
1,1,female,31.0,1,0,C,2,1,Miss,4.738607824217808,0,Miss,0,adult,2.369303912108904,very_high,1,D,NONE,0,female_1,31.0
0,3,male,22.0,0,0,S,1,0,Mr,2.142510233146819,1,Mr,0,adult,2.142510233146819,low,0,Unknown,NONE,0,male_3,66.0
0,3,male,20.0,0,0,S,1,0,Mr,2.188856327665703,1,Mr,0,adult,2.188856327665703,medium,0,Unknown,SOTON/O2,1,male_3,60.0
1,1,female,22.0,0,0,S,1,0,Miss,5.027492411162679,1,Miss,0,adult,5.027492411162679,very_high,0,Unknown,NONE,0,female_1,22.0
1,3,female,26.0,0,0,S,1,0,Miss,2.180891922715322,1,Miss,0,adult,2.180891922715322,low,0,Unknown,NONE,0,female_3,78.0
1,3,female,15.0,0,0,C,1,0,Miss,2.1071782966514356,1,Miss,0,teen,2.1071782966514356,low,0,Unknown,NONE,0,female_3,45.0
0,3,male,32.0,1,0,S,2,0,Mr,2.8243506567983707,0,Mr,0,adult,1.4121753283991854,high,0,Unknown,NONE,0,male_3,96.0
1,1,female,30.0,0,0,S,1,1,Miss,4.471638793363569,1,Miss,0,adult,4.471638793363569,very_high,1,B,NONE,0,female_1,30.0
1,2,female,34.0,0,1,S,2,0,Mrs,3.1780538303479458,0,Mrs,0,adult,1.5890269151739729,high,0,Unknown,NONE,0,female_2,68.0
1,3,female,,0,0,Q,1,0,Miss,2.169053700369523,1,Miss,1,adult,2.169053700369523,low,0,Unknown,NONE,0,female_3,85.5
1,3,male,1.0,1,2,S,4,0,Master,3.0715352369694915,0,Master,0,child,0.7678838092423729,high,0,Unknown,C.A.,1,male_3,3.0
0,2,male,28.0,0,0,S,1,0,Mr,2.6741486494265287,1,Mr,0,adult,2.6741486494265287,medium,0,Unknown,NONE,0,male_2,56.0
1,1,female,30.0,0,0,S,1,1,Miss,4.548599834499697,1,Miss,0,adult,4.548599834499697,very_high,1,B,NONE,0,female_1,30.0
0,3,male,22.0,0,0,S,1,0,Mr,2.1102132003465894,1,Mr,0,adult,2.1102132003465894,low,0,Unknown,A/5,1,male_3,66.0
0,3,female,21.0,2,2,S,5,0,Miss,3.5660053559634015,0,Miss,0,adult,0.7132010711926803,very_high,0,Unknown,W./C.,1,female_3,63.0
0,2,male,36.0,0,0,C,1,1,Mr,2.630088659632498,1,Mr,0,middle_age,2.630088659632498,medium,1,D,SC/Paris,1,male_2,72.0
0,3,male,40.0,0,0,S,1,0,Mr,2.1855792552411137,1,Mr,0,middle_age,2.1855792552411137,low,0,Unknown,NONE,0,male_3,120.0
1,2,male,1.0,0,2,C,3,0,Master,3.637696679934592,0,Master,0,child,1.2125655599781973,very_high,0,Unknown,S.C./PARIS,1,male_2,2.0
0,3,male,40.0,1,1,Q,3,0,Mr,2.803360380906535,0,Mr,0,middle_age,0.9344534603021782,high,0,Unknown,NONE,0,male_3,120.0
0,3,female,28.0,0,0,S,1,0,Miss,2.1855792552411137,1,Miss,0,adult,2.1855792552411137,low,0,Unknown,NONE,0,female_3,84.0
1,2,female,40.0,0,0,S,1,0,Miss,2.6390573296152584,1,Miss,0,middle_age,2.6390573296152584,medium,0,Unknown,NONE,0,female_2,80.0
1,3,female,,0,0,Q,1,0,Miss,2.167143305297764,1,Miss,1,adult,2.167143305297764,low,0,Unknown,NONE,0,female_3,85.5
0,3,male,27.0,0,0,S,1,0,Mr,2.1855792552411137,1,Mr,0,adult,2.1855792552411137,low,0,Unknown,NONE,0,male_3,81.0
1,1,female,24.0,0,0,C,1,1,Miss,4.432699549165613,1,Miss,0,adult,4.432699549165613,very_high,1,C,NONE,0,female_1,24.0
1,2,female,5.0,1,2,S,4,0,Miss,3.3586377672433594,0,Miss,0,child,0.8396594418108398,high,0,Unknown,C.A.,1,female_2,10.0
0,3,male,34.0,0,0,S,1,0,Mr,2.0143428636837015,1,Mr,0,adult,2.0143428636837015,low,0,Unknown,NONE,0,male_3,102.0
1,1,female,23.0,1,0,C,2,1,Miss,4.738607824217808,0,Miss,0,adult,2.369303912108904,very_high,1,D,NONE,0,female_1,23.0
0,3,male,70.5,0,0,Q,1,0,Mr,2.169053700369523,1,Mr,0,senior,2.169053700369523,low,0,Unknown,NONE,0,male_3,211.5
1,3,female,17.0,4,2,S,7,0,Miss,2.188856327665703,0,Miss,0,teen,0.31269376109510044,medium,0,Unknown,NONE,0,female_3,51.0
1,1,female,16.0,0,1,C,2,1,Miss,4.077184839375167,0,Miss,0,teen,2.0385924196875833,very_high,1,B,NONE,0,female_1,16.0
0,3,male,19.0,0,0,S,1,0,Mr,2.2146605719425225,1,Mr,0,adult,2.2146605719425225,medium,0,Unknown,S.P.,1,male_3,57.0
0,3,male,25.0,0,0,S,1,0,Mr,2.1102132003465894,1,Mr,0,adult,2.1102132003465894,low,0,Unknown,NONE,0,male_3,75.0
0,1,female,25.0,1,2,S,4,2,Mrs,5.027492411162679,0,Mrs,0,adult,1.2568731027906697,very_high,1,C,NONE,0,female_1,25.0
0,1,male,42.0,1,0,S,2,0,Mr,3.970291913552122,0,Mr,0,middle_age,1.985145956776061,very_high,0,Unknown,NONE,0,male_1,42.0
0,3,male,21.0,0,0,S,1,0,Mr,2.188856327665703,1,Mr,0,adult,2.188856327665703,medium,0,Unknown,STON/O,1,male_3,63.0
0,3,male,,0,0,S,1,0,Mr,2.1855792552411137,1,Mr,1,adult,2.1855792552411137,low,0,Unknown,NONE,0,male_3,85.5
0,2,male,,0,0,S,1,0,Mr,0.0,1,Mr,1,adult,0.0,low,0,Unknown,NONE,0,male_2,57.0
1,1,female,15.0,0,1,S,2,1,Miss,5.35817698994543,0,Miss,0,teen,2.679088494972715,very_high,1,B,NONE,0,female_1,15.0
0,3,male,45.0,0,0,S,1,0,Mr,2.076311648670908,1,Mr,0,middle_age,2.076311648670908,low,0,Unknown,NONE,0,male_3,135.0
0,3,male,,1,0,S,2,0,Mr,3.0429354648621407,0,Mr,1,adult,1.5214677324310704,high,0,Unknown,NONE,0,male_3,85.5
1,3,male,25.0,1,0,S,2,0,Mr,2.1719067693519296,0,Mr,0,adult,1.0859533846759648,low,0,Unknown,NONE,0,male_3,75.0
0,1,male,33.0,0,0,S,1,3,Mr,1.791759469228055,1,Mr,0,adult,1.791759469228055,low,1,B,NONE,0,male_1,33.0
1,2,female,28.0,0,0,S,1,0,Miss,2.6390573296152584,1,Miss,0,adult,2.6390573296152584,medium,0,Unknown,NONE,0,female_2,56.0
0,2,male,32.0,2,0,S,3,0,Mr,4.310799125385514,0,Mr,0,adult,1.4369330417951713,very_high,0,Unknown,S.O.C.,1,male_2,64.0
1,1,male,26.0,0,0,C,1,1,Mr,3.4339872044851463,1,Mr,0,adult,3.4339872044851463,high,1,C,NONE,0,male_1,26.0
0,3,male,37.0,2,0,S,3,0,Mr,2.188856327665703,0,Mr,0,middle_age,0.7296187758885676,medium,0,Unknown,NONE,0,male_3,111.0
0,1,female,50.0,0,0,C,1,1,Miss,3.391567832686312,1,Miss,0,middle_age,3.391567832686312,high,1,C,PC,1,female_1,50.0
0,1,male,50.0,1,0,C,2,1,Mr,4.676792929661059,0,Mr,0,middle_age,2.3383964648305295,very_high,1,C,PC,1,male_1,50.0
0,3,female,,0,0,Q,1,0,Miss,2.212386825075897,1,Miss,1,adult,2.212386825075897,medium,0,Unknown,NONE,0,female_3,85.5
0,2,male,34.0,1,0,S,2,0,Mr,3.091042453358316,0,Mr,0,adult,1.545521226679158,high,0,Unknown,NONE,0,male_2,68.0
1,3,female,,0,0,Q,1,0,Miss,2.1837114628556327,1,Miss,1,adult,2.1837114628556327,low,0,Unknown,NONE,0,female_3,85.5
1,1,female,35.0,0,0,C,1,0,Miss,6.240917354759096,1,Miss,0,adult,6.240917354759096,very_high,0,Unknown,PC,1,female_1,35.0
0,3,female,48.0,1,3,S,5,0,Mrs,3.5660053559634015,0,Mrs,0,middle_age,0.7132010711926803,very_high,0,Unknown,W./C.,1,female_3,144.0
0,1,male,47.0,0,0,S,1,1,Mr,3.676300671907076,1,Mr,0,middle_age,3.676300671907076,very_high,1,E,NONE,0,male_1,47.0
1,1,male,,0,0,S,1,0,Mr,3.3160025355989236,1,Mr,1,adult,3.3160025355989236,high,0,Unknown,NONE,0,male_1,28.5
